/*
Navicat MySQL Data Transfer

Source Server         : 127.0.0.1:3399
Source Server Version : 50155
Source Host           : 127.0.0.1:3399
Source Database       : wcp2none

Target Server Type    : MYSQL
Target Server Version : 50155
File Encoding         : 65001

Date: 2016-07-18 11:35:04
*/

SET FOREIGN_KEY_CHECKS=0;

-- ----------------------------
-- Table structure for `alone_applog`
-- ----------------------------
DROP TABLE IF EXISTS `alone_applog`;
CREATE TABLE `alone_applog` (
  `ID` varchar(32) NOT NULL,
  `CTIME` varchar(16) NOT NULL,
  `DESCRIBES` varchar(1024) NOT NULL,
  `APPUSER` varchar(32) NOT NULL,
  `LEVELS` varchar(32) DEFAULT NULL,
  `METHOD` varchar(128) DEFAULT NULL,
  `CLASSNAME` varchar(128) DEFAULT NULL,
  `IP` varchar(32) DEFAULT NULL,
  PRIMARY KEY (`ID`),
  KEY `FK_Reference_9` (`APPUSER`)
) ENGINE=MyISAM DEFAULT CHARSET=utf8;

-- ----------------------------
-- Records of alone_applog
-- ----------------------------

-- ----------------------------
-- Table structure for `alone_auth_action`
-- ----------------------------
DROP TABLE IF EXISTS `alone_auth_action`;
CREATE TABLE `alone_auth_action` (
  `ID` varchar(32) NOT NULL,
  `AUTHKEY` varchar(128) NOT NULL,
  `NAME` varchar(64) NOT NULL,
  `COMMENTS` varchar(128) DEFAULT NULL,
  `CTIME` varchar(14) NOT NULL,
  `UTIME` varchar(14) NOT NULL,
  `CUSER` varchar(32) NOT NULL,
  `MUSER` varchar(32) NOT NULL,
  `STATE` char(1) NOT NULL,
  `CHECKIS` char(1) NOT NULL,
  `LOGINIS` char(1) NOT NULL COMMENT '默认所有ACTION都要登录',
  PRIMARY KEY (`ID`)
) ENGINE=MyISAM DEFAULT CHARSET=utf8 COMMENT='InnoDB free: 12288 kB alone_action';

-- ----------------------------
-- Records of alone_auth_action
-- ----------------------------
INSERT INTO `alone_auth_action` VALUES ('40288b854a38408e014a384de88a0005', 'action/list', '权限管理_权限定义', null, '20141211154357', '20141211154357', '40288b854a329988014a329a12f30002', '40288b854a329988014a329a12f30002', '1', '1', '1');
INSERT INTO `alone_auth_action` VALUES ('40288b854a38974f014a38b3a6700017', 'actiontree/list', '权限管理_权限构造', null, '20141211173505', '20141211173505', '40288b854a329988014a329a12f30002', '40288b854a329988014a329a12f30002', '1', '1', '1');
INSERT INTO `alone_auth_action` VALUES ('40288b854a38974f014a38b93d0a0022', 'log/list', '系统配置_系统日志', '', '20141211174111', '20150831184926', '40288b854a329988014a329a12f30002', '40288b854a329988014a329a12f30002', '1', '1', '1');
INSERT INTO `alone_auth_action` VALUES ('40288b854a38974f014a38ba24f90024', 'parameter/list', '系统配置_参数定义', '', '20141211174210', '20150831185312', '40288b854a329988014a329a12f30002', '40288b854a329988014a329a12f30002', '1', '1', '1');
INSERT INTO `alone_auth_action` VALUES ('40288b854a38974f014a38bafb830026', 'parameter/editlist', '系统配置_系统参数', '', '20141211174305', '20151016154936', '40288b854a329988014a329a12f30002', '40288b854a329988014a329a12f30002', '1', '1', '1');
INSERT INTO `alone_auth_action` VALUES ('40288b854a38974f014a38bb431b0028', 'parameter/userelist', '系统配置_个性化参数', '', '20141211174324', '20151016154959', '40288b854a329988014a329a12f30002', '40288b854a329988014a329a12f30002', '1', '1', '1');
INSERT INTO `alone_auth_action` VALUES ('40288b854a38974f014a38bd26a0002a', 'dictionary/list', '系统配置_数据字典', '', '20141211174527', '20150831185552', '40288b854a329988014a329a12f30002', '40288b854a329988014a329a12f30002', '1', '1', '1');
INSERT INTO `alone_auth_action` VALUES ('40288b854a38974f014a38beae79002d', 'user/list', '组织用户管理_用户管理', '', '20141211174708', '20150831185712', '40288b854a329988014a329a12f30002', '40288b854a329988014a329a12f30002', '1', '1', '1');
INSERT INTO `alone_auth_action` VALUES ('40288b854a38974f014a38bf10fc002f', 'organization/list', '组织用户管理_组织机构管理', '', '20141211174733', '20150831185753', '40288b854a329988014a329a12f30002', '40288b854a329988014a329a12f30002', '1', '1', '1');
INSERT INTO `alone_auth_action` VALUES ('40288b854a3daac8014a3dfe03990005', 'FarmPortalComponentConsole', '门户管理_组件库', null, '20141212181424', '20141212181424', '40288b854a329988014a329a12f30002', '40288b854a329988014a329a12f30002', '1', '1', '1');
INSERT INTO `alone_auth_action` VALUES ('40288b854a3daac8014a3dfefcce0007', 'FarmPortalPortaltreeConsole', '门户管理_门户配置', null, '20141212181528', '20141212181528', '40288b854a329988014a329a12f30002', '40288b854a329988014a329a12f30002', '1', '1', '1');
INSERT INTO `alone_auth_action` VALUES ('40288b854a3e037e014a3e1d76810003', 'FarmFormsFormcategoryConsole', '动态表单_表单分类', null, '20141212184845', '20141212184845', '40288b854a329988014a329a12f30002', '40288b854a329988014a329a12f30002', '1', '1', '1');
INSERT INTO `alone_auth_action` VALUES ('40288b854a3e037e014a3e1e46150005', 'FarmFormsQueryConsole', '动态表单_查询表单配置', null, '20141212184939', '20141212184939', '40288b854a329988014a329a12f30002', '40288b854a329988014a329a12f30002', '1', '1', '1');
INSERT INTO `alone_auth_action` VALUES ('40288b854a50d918014a50dbdc460002', 'HhYWConsole', '系统配置_数据库管理', null, '20141216100953', '20141216100953', '40288b854a329988014a329a12f30002', '40288b854a329988014a329a12f30002', '1', '1', '1');
INSERT INTO `alone_auth_action` VALUES ('40288b854a50d918014a50dcfa580005', 'FarmQzTrigger_ACTION_CONSOLE', '任务调度_触发器定义', null, '20141216101106', '20141216101106', '40288b854a329988014a329a12f30002', '40288b854a329988014a329a12f30002', '1', '1', '1');
INSERT INTO `alone_auth_action` VALUES ('40288b854a50d918014a50ddb7400007', 'FarmQzTask_ACTION_CONSOLE', '任务调度_任务定义', null, '20141216101155', '20141216101155', '40288b854a329988014a329a12f30002', '40288b854a329988014a329a12f30002', '1', '1', '1');
INSERT INTO `alone_auth_action` VALUES ('40288b854a50d918014a50def0aa0009', 'qzScheduler/list', '任务调度_调度实例', '', '20141216101315', '20151114134845', '40288b854a329988014a329a12f30002', '40288b854a329988014a329a12f30002', '1', '1', '1');
INSERT INTO `alone_auth_action` VALUES ('402894ca4a9a155d014a9a1790810003', 'docfile/list', '文档管理_附件管理', '', '20141230152723', '20150831185928', '40288b854a329988014a329a12f30002', '40288b854a329988014a329a12f30002', '1', '1', '1');
INSERT INTO `alone_auth_action` VALUES ('402894ca4a9a155d014a9a182dbb0005', 'FarmDocgroupUser_ACTION_CONSOLE', '文档管理_工作小组管理', null, '20141230152803', '20141230152803', '40288b854a329988014a329a12f30002', '40288b854a329988014a329a12f30002', '1', '1', '1');
INSERT INTO `alone_auth_action` VALUES ('402894ca4a9a155d014a9a1905200007', 'docgroup/list', '文档管理_工作小组管理', '', '20141230152858', '20150831190059', '40288b854a329988014a329a12f30002', '40288b854a329988014a329a12f30002', '1', '1', '1');
INSERT INTO `alone_auth_action` VALUES ('402894ca4a9a155d014a9a1a32940009', 'FarmDocmessage_ACTION_CONSOLE', '文档管理_文档留言', null, '20141230153015', '20141230153015', '40288b854a329988014a329a12f30002', '40288b854a329988014a329a12f30002', '1', '1', '1');
INSERT INTO `alone_auth_action` VALUES ('402894ca4a9a155d014a9a1a8dd3000b', 'doctype/list', '文档管理_文档分类', '', '20141230153039', '20150831190127', '40288b854a329988014a329a12f30002', '40288b854a329988014a329a12f30002', '1', '1', '1');
INSERT INTO `alone_auth_action` VALUES ('402894ca4a9a155d014a9a1afe60000d', 'doc/list', '文档管理_文档管理', '', '20141230153108', '20150901182811', '40288b854a329988014a329a12f30002', '40288b854a329988014a329a12f30002', '1', '1', '1');
INSERT INTO `alone_auth_action` VALUES ('40288b854ab4231a014ab45e15850003', 'FarmCodeProject_ACTION_CONSOLE', '代码工程_工程定义', null, '20150104175432', '20150104175432', '40288b854a329988014a329a12f30002', '40288b854a329988014a329a12f30002', '1', '1', '1');
INSERT INTO `alone_auth_action` VALUES ('40288b854ab4231a014ab45ee9fb0005', 'FarmCodeGuide_ACTION_CONSOLE', '代码工程_生成向导', null, '20150104175526', '20150104175526', '40288b854a329988014a329a12f30002', '40288b854a329988014a329a12f30002', '1', '1', '1');
INSERT INTO `alone_auth_action` VALUES ('402888a84f970dad014f971444550009', 'farmtop/list', '文档管理_置顶文档', '', '20150904143851', '20150904144025', '40288b854a329988014a329a12f30002', '40288b854a329988014a329a12f30002', '1', '1', '1');
INSERT INTO `alone_auth_action` VALUES ('402894ca4add11f6014add19da9d000a', 'FarmPlanTaskConsole', '当前任务_计划任务', null, '20150112154426', '20150112154426', '40288b854a329988014a329a12f30002', '40288b854a329988014a329a12f30002', '1', '1', '1');
INSERT INTO `alone_auth_action` VALUES ('402894ca4ae0e797014ae1ab12120031', 'docIndex/list', '文档管理_全文索引', '', '20150113130132', '20150831190209', '40288b854a329988014a329a12f30002', '40288b854a329988014a329a12f30002', '1', '1', '1');
INSERT INTO `alone_auth_action` VALUES ('402888a850472ac50150472d85070009', 'weburl/list', '文档管理_推荐服务', '', '20151008191936', '20151008191936', '40288b854a329988014a329a12f30002', '40288b854a329988014a329a12f30002', '1', '1', '1');
INSERT INTO `alone_auth_action` VALUES ('402888a8509d16e201509d191db90009', 'farmReleaseRanking/list', '文档管理_用户文档排名', '', '20151025114440', '20151025114440', '40288b854a329988014a329a12f30002', '40288b854a329988014a329a12f30002', '1', '1', '1');
INSERT INTO `alone_auth_action` VALUES ('402888a850bcceeb0150bcd7f9780009', 'usermessage/list', '用户消息', '', '20151031154122', '20151031154122', '40288b854a329988014a329a12f30002', '40288b854a329988014a329a12f30002', '1', '1', '1');

-- ----------------------------
-- Table structure for `alone_auth_actiontree`
-- ----------------------------
DROP TABLE IF EXISTS `alone_auth_actiontree`;
CREATE TABLE `alone_auth_actiontree` (
  `ID` varchar(32) NOT NULL,
  `SORT` int(11) NOT NULL,
  `PARENTID` varchar(32) NOT NULL,
  `NAME` varchar(64) NOT NULL,
  `TREECODE` varchar(256) NOT NULL,
  `COMMENTS` varchar(128) DEFAULT NULL,
  `TYPE` char(1) NOT NULL COMMENT '分类、菜单、权限',
  `CTIME` varchar(14) NOT NULL,
  `UTIME` varchar(14) NOT NULL,
  `CUSER` varchar(32) NOT NULL,
  `UUSER` varchar(32) NOT NULL,
  `STATE` char(1) NOT NULL,
  `ACTIONID` varchar(32) DEFAULT NULL,
  `DOMAIN` varchar(64) NOT NULL,
  `ICON` varchar(64) DEFAULT NULL,
  `IMGID` varchar(32) DEFAULT NULL,
  `PARAMS` varchar(128) DEFAULT NULL,
  PRIMARY KEY (`ID`),
  KEY `FK_Reference_7` (`ACTIONID`)
) ENGINE=MyISAM DEFAULT CHARSET=utf8 COMMENT='InnoDB free: 12288 kB; (`action`) REFER `alone/alone_action`';

-- ----------------------------
-- Records of alone_auth_actiontree
-- ----------------------------
INSERT INTO `alone_auth_actiontree` VALUES ('40288b854a38974f014a38b93d0a0023', '10', '40288b854a38408e014a384c4f3c0002', '系统日志', '40288b854a38408e014a384c4f3c000240288b854a38974f014a38b93d0a0023', '', '2', '20141211174111', '20141211174111', '40288b854a329988014a329a12f30002', '40288b854a329988014a329a12f30002', '1', '40288b854a38974f014a38b93d0a0022', 'alone', 'icon-tip', null, '');
INSERT INTO `alone_auth_actiontree` VALUES ('40288b854a38408e014a384c4f3c0002', '1', 'NONE', '系统配置', '40288b854a38408e014a384c4f3c0002', '', '1', '20141211154212', '20141211173900', '40288b854a329988014a329a12f30002', '40288b854a329988014a329a12f30002', '1', '', 'alone', 'icon-sprocket_dark', null, '');
INSERT INTO `alone_auth_actiontree` VALUES ('40288b854a38974f014a38bafb830027', '3', '40288b854a38408e014a384c4f3c0002', '参数设置', '40288b854a38408e014a384c4f3c000240288b854a38974f014a38bafb830027', '', '2', '20141211174305', '20151016155834', '40288b854a329988014a329a12f30002', '40288b854a329988014a329a12f30002', '1', '40288b854a38974f014a38bafb830026', 'alone', 'icon-sprocket_dark', null, '');
INSERT INTO `alone_auth_actiontree` VALUES ('40288b854a38974f014a38be1805002c', '2', 'NONE', '组织用户管理', '40288b854a38974f014a38be1805002c', '', '1', '20141211174629', '20141211174629', '40288b854a329988014a329a12f30002', '40288b854a329988014a329a12f30002', '1', null, 'alone', 'icon-group_green_edit', null, '');
INSERT INTO `alone_auth_actiontree` VALUES ('40288b854a38974f014a38beae79002e', '1', '40288b854a38974f014a38be1805002c', '用户管理', '40288b854a38974f014a38be1805002c40288b854a38974f014a38beae79002e', '', '2', '20141211174708', '20141211174708', '40288b854a329988014a329a12f30002', '40288b854a329988014a329a12f30002', '1', '40288b854a38974f014a38beae79002d', 'alone', 'icon-hire-me', null, '');
INSERT INTO `alone_auth_actiontree` VALUES ('40288b854a38974f014a38bf10fc0030', '2', '40288b854a38974f014a38be1805002c', '组织机构管理', '40288b854a38974f014a38be1805002c40288b854a38974f014a38bf10fc0030', '', '2', '20141211174733', '20141211174733', '40288b854a329988014a329a12f30002', '40288b854a329988014a329a12f30002', '1', '40288b854a38974f014a38bf10fc002f', 'alone', 'icon-customers', null, '');
INSERT INTO `alone_auth_actiontree` VALUES ('402894ca4ae0e797014ae1ab12120032', '6', '402894ca4a9a155d014a9a16561d0002', '全文索引', '402894ca4a9a155d014a9a16561d0002402894ca4ae0e797014ae1ab12120032', '', '2', '20150113130132', '20150113130132', '40288b854a329988014a329a12f30002', '40288b854a329988014a329a12f30002', '1', '402894ca4ae0e797014ae1ab12120031', 'alone', 'icon-application_osx_terminal', null, '');
INSERT INTO `alone_auth_actiontree` VALUES ('402888a8509d16e201509d1a934d000a', '93', '402894ca4a9a155d014a9a16561d0002', '用户文档排名', '402894ca4a9a155d014a9a16561d0002402888a8509d16e201509d1a934d000a', '', '2', '20151025114616', '20160505155223', '40288b854a329988014a329a12f30002', '40288b854a329988014a329a12f30002', '1', '402888a8509d16e201509d191db90009', 'alone', 'icon-statistics', null, '');
INSERT INTO `alone_auth_actiontree` VALUES ('40288b854a50d918014a50dc82980004', '11', '40288b854a38408e014a384c4f3c0002', '任务调度', '40288b854a38408e014a384c4f3c000240288b854a50d918014a50dc82980004', '', '1', '20141216101036', '20141216101036', '40288b854a329988014a329a12f30002', '40288b854a329988014a329a12f30002', '1', null, 'alone', 'icon-application_osx_terminal', null, '');
INSERT INTO `alone_auth_actiontree` VALUES ('40288b854a50d918014a50def0aa000a', '3', '40288b854a50d918014a50dc82980004', '调度实例', '40288b854a38408e014a384c4f3c000240288b854a50d918014a50dc8298000440288b854a50d918014a50def0aa000a', '', '2', '20141216101315', '20141216101315', '40288b854a329988014a329a12f30002', '40288b854a329988014a329a12f30002', '1', '40288b854a50d918014a50def0aa0009', 'alone', 'icon-future-projects', null, '');
INSERT INTO `alone_auth_actiontree` VALUES ('402894ca4a9a155d014a9a16561d0002', '3', 'NONE', '文档管理', '402894ca4a9a155d014a9a16561d0002', '', '1', '20141230152602', '20141230152602', '40288b854a329988014a329a12f30002', '40288b854a329988014a329a12f30002', '1', null, 'alone', 'icon-archives', null, '');
INSERT INTO `alone_auth_actiontree` VALUES ('402894ca4a9a155d014a9a1790810004', '1', '402894ca4a9a155d014a9a16561d0002', '附件管理', '402894ca4a9a155d014a9a16561d0002402894ca4a9a155d014a9a1790810004', '', '2', '20141230152723', '20141230152723', '40288b854a329988014a329a12f30002', '40288b854a329988014a329a12f30002', '1', '402894ca4a9a155d014a9a1790810003', 'alone', 'icon-save', null, '');
INSERT INTO `alone_auth_actiontree` VALUES ('402894ca4a9a155d014a9a1905200008', '3', '402894ca4a9a155d014a9a16561d0002', '工作小组管理', '402894ca4a9a155d014a9a16561d0002402894ca4a9a155d014a9a1905200008', '', '2', '20141230152858', '20160505155238', '40288b854a329988014a329a12f30002', '40288b854a329988014a329a12f30002', '1', '402894ca4a9a155d014a9a1905200007', 'alone', 'icon-group_green_new', null, '');
INSERT INTO `alone_auth_actiontree` VALUES ('402894ca4a9a155d014a9a1a8de3000c', '5', '402894ca4a9a155d014a9a16561d0002', '文档分类', '402894ca4a9a155d014a9a16561d0002402894ca4a9a155d014a9a1a8de3000c', '', '2', '20141230153039', '20141230153039', '40288b854a329988014a329a12f30002', '40288b854a329988014a329a12f30002', '1', '402894ca4a9a155d014a9a1a8dd3000b', 'alone', 'icon-category', null, '');
INSERT INTO `alone_auth_actiontree` VALUES ('402894ca4a9a155d014a9a1afe60000e', '6', '402894ca4a9a155d014a9a16561d0002', '文档管理', '402894ca4a9a155d014a9a16561d0002402894ca4a9a155d014a9a1afe60000e', '', '2', '20141230153107', '20141230153107', '40288b854a329988014a329a12f30002', '40288b854a329988014a329a12f30002', '1', '402894ca4a9a155d014a9a1afe60000d', 'alone', 'icon-blog', null, '');
INSERT INTO `alone_auth_actiontree` VALUES ('402888a850472ac50150472e2d14000a', '92', '402894ca4a9a155d014a9a16561d0002', '推荐服务', '402894ca4a9a155d014a9a16561d0002402888a850472ac50150472e2d14000a', '', '2', '20151008192019', '20151008192206', '40288b854a329988014a329a12f30002', '40288b854a329988014a329a12f30002', '1', '402888a850472ac50150472d85070009', 'alone', 'icon-star', null, '');
INSERT INTO `alone_auth_actiontree` VALUES ('402888a84f970dad014f971545c3000a', '9', '402894ca4a9a155d014a9a16561d0002', '置顶文档', '402894ca4a9a155d014a9a16561d0002402888a84f970dad014f971545c3000a', '', '2', '20150904143957', '20150904144052', '40288b854a329988014a329a12f30002', '40288b854a329988014a329a12f30002', '1', '402888a84f970dad014f971444550009', 'alone', 'icon-upcoming-work', null, '');
INSERT INTO `alone_auth_actiontree` VALUES ('402888a850bcceeb0150bcd86c2e000a', '94', '402894ca4a9a155d014a9a16561d0002', '用户消息', '402894ca4a9a155d014a9a16561d0002402888a850bcceeb0150bcd86c2e000a', '', '2', '20151031154151', '20160505155138', '40288b854a329988014a329a12f30002', '40288b854a329988014a329a12f30002', '1', '402888a850bcceeb0150bcd7f9780009', 'alone', 'icon-email', null, '');

-- ----------------------------
-- Table structure for `alone_auth_organization`
-- ----------------------------
DROP TABLE IF EXISTS `alone_auth_organization`;
CREATE TABLE `alone_auth_organization` (
  `ID` varchar(32) NOT NULL,
  `TREECODE` varchar(256) NOT NULL,
  `COMMENTS` varchar(128) DEFAULT NULL,
  `NAME` varchar(64) NOT NULL,
  `CTIME` varchar(14) NOT NULL,
  `UTIME` varchar(14) NOT NULL,
  `STATE` char(1) NOT NULL,
  `CUSER` varchar(32) NOT NULL,
  `MUSER` varchar(32) NOT NULL,
  `PARENTID` varchar(32) DEFAULT NULL,
  `SORT` int(11) DEFAULT NULL,
  `TYPE` char(1) NOT NULL COMMENT '组织类型：1科室、2班组、3队组、0其他',
  PRIMARY KEY (`ID`)
) ENGINE=MyISAM DEFAULT CHARSET=utf8 COMMENT='组织类型：科室、班组、队组、其他';

-- ----------------------------
-- Records of alone_auth_organization
-- ----------------------------
INSERT INTO `alone_auth_organization` VALUES ('402888ac547fe1050154800171f30000', '402888ac547fe1050154800171f30000', '', '公司总部', '20160505162058', '20160505162058', '1', '40288b854a329988014a329a12f30002', '40288b854a329988014a329a12f30002', 'NONE', '1', '1');

-- ----------------------------
-- Table structure for `alone_auth_post`
-- ----------------------------
DROP TABLE IF EXISTS `alone_auth_post`;
CREATE TABLE `alone_auth_post` (
  `ID` varchar(32) NOT NULL,
  `CTIME` varchar(16) NOT NULL,
  `ETIME` varchar(16) NOT NULL,
  `CUSERNAME` varchar(64) NOT NULL,
  `CUSER` varchar(32) NOT NULL,
  `EUSERNAME` varchar(64) NOT NULL,
  `EUSER` varchar(32) NOT NULL,
  `PSTATE` varchar(2) NOT NULL,
  `ORGANIZATIONID` varchar(32) NOT NULL,
  `NAME` varchar(64) NOT NULL,
  `EXTENDIS` varchar(2) NOT NULL COMMENT '0:否1:是（默认否）',
  PRIMARY KEY (`ID`),
  KEY `FK_Reference_51` (`ORGANIZATIONID`)
) ENGINE=MyISAM DEFAULT CHARSET=utf8;

-- ----------------------------
-- Records of alone_auth_post
-- ----------------------------
INSERT INTO `alone_auth_post` VALUES ('402888ac547fe10501548001be3a0001', '20160505162118', '20160505162118', '系统管理员', '40288b854a329988014a329a12f30002', '系统管理员', '40288b854a329988014a329a12f30002', '1', '402888ac547fe1050154800171f30000', '系统管理员', '1');

-- ----------------------------
-- Table structure for `alone_auth_postaction`
-- ----------------------------
DROP TABLE IF EXISTS `alone_auth_postaction`;
CREATE TABLE `alone_auth_postaction` (
  `ID` varchar(32) NOT NULL,
  `MENUID` varchar(32) NOT NULL,
  `POSTID` varchar(32) NOT NULL,
  PRIMARY KEY (`ID`),
  KEY `FK_Reference_8` (`MENUID`),
  KEY `FK_Reference_9` (`POSTID`)
) ENGINE=MyISAM DEFAULT CHARSET=utf8 COMMENT='InnoDB free: 12288 kB; (`actionid`) REFER `alone/alone_actio';

-- ----------------------------
-- Records of alone_auth_postaction
-- ----------------------------
INSERT INTO `alone_auth_postaction` VALUES ('402888ac547fe10501548001e39b0002', '40288b854a38408e014a384c4f3c0002', '402888ac547fe10501548001be3a0001');
INSERT INTO `alone_auth_postaction` VALUES ('402888ac547fe10501548001e39b0003', '40288b854a38974f014a38bafb830027', '402888ac547fe10501548001be3a0001');
INSERT INTO `alone_auth_postaction` VALUES ('402888ac547fe10501548001e39b0004', '40288b854a38974f014a38b93d0a0023', '402888ac547fe10501548001be3a0001');
INSERT INTO `alone_auth_postaction` VALUES ('402888ac547fe10501548001e39b0005', '40288b854a50d918014a50dc82980004', '402888ac547fe10501548001be3a0001');
INSERT INTO `alone_auth_postaction` VALUES ('402888ac547fe10501548001e39b0006', '40288b854a50d918014a50def0aa000a', '402888ac547fe10501548001be3a0001');
INSERT INTO `alone_auth_postaction` VALUES ('402888ac547fe10501548001e39b0007', '40288b854a38974f014a38be1805002c', '402888ac547fe10501548001be3a0001');
INSERT INTO `alone_auth_postaction` VALUES ('402888ac547fe10501548001e39b0008', '40288b854a38974f014a38beae79002e', '402888ac547fe10501548001be3a0001');
INSERT INTO `alone_auth_postaction` VALUES ('402888ac547fe10501548001e39b0009', '40288b854a38974f014a38bf10fc0030', '402888ac547fe10501548001be3a0001');
INSERT INTO `alone_auth_postaction` VALUES ('402888ac547fe10501548001e39b000a', '402894ca4a9a155d014a9a16561d0002', '402888ac547fe10501548001be3a0001');
INSERT INTO `alone_auth_postaction` VALUES ('402888ac547fe10501548001e39b000b', '402894ca4a9a155d014a9a1790810004', '402888ac547fe10501548001be3a0001');
INSERT INTO `alone_auth_postaction` VALUES ('402888ac547fe10501548001e39b000c', '402894ca4a9a155d014a9a1905200008', '402888ac547fe10501548001be3a0001');
INSERT INTO `alone_auth_postaction` VALUES ('402888ac547fe10501548001e39b000d', '402894ca4a9a155d014a9a1a8de3000c', '402888ac547fe10501548001be3a0001');
INSERT INTO `alone_auth_postaction` VALUES ('402888ac547fe10501548001e39b000e', '402894ca4a9a155d014a9a1afe60000e', '402888ac547fe10501548001be3a0001');
INSERT INTO `alone_auth_postaction` VALUES ('402888ac547fe10501548001e39b000f', '402894ca4ae0e797014ae1ab12120032', '402888ac547fe10501548001be3a0001');
INSERT INTO `alone_auth_postaction` VALUES ('402888ac547fe10501548001e39b0010', '402888a84f970dad014f971545c3000a', '402888ac547fe10501548001be3a0001');
INSERT INTO `alone_auth_postaction` VALUES ('402888ac547fe10501548001e39b0011', '402888a850472ac50150472e2d14000a', '402888ac547fe10501548001be3a0001');
INSERT INTO `alone_auth_postaction` VALUES ('402888ac547fe10501548001e39b0012', '402888a8509d16e201509d1a934d000a', '402888ac547fe10501548001be3a0001');
INSERT INTO `alone_auth_postaction` VALUES ('402888ac547fe10501548001e39b0013', '402888a850bcceeb0150bcd86c2e000a', '402888ac547fe10501548001be3a0001');

-- ----------------------------
-- Table structure for `alone_auth_user`
-- ----------------------------
DROP TABLE IF EXISTS `alone_auth_user`;
CREATE TABLE `alone_auth_user` (
  `ID` varchar(32) NOT NULL,
  `NAME` varchar(64) NOT NULL,
  `PASSWORD` varchar(32) NOT NULL COMMENT 'MD5(password+loginname)',
  `COMMENTS` varchar(128) DEFAULT NULL,
  `TYPE` char(1) DEFAULT NULL COMMENT '1:系统用户:2其他3超级用户',
  `CTIME` varchar(14) NOT NULL,
  `UTIME` varchar(14) NOT NULL,
  `CUSER` varchar(32) NOT NULL,
  `MUSER` varchar(32) NOT NULL,
  `STATE` char(1) NOT NULL,
  `LOGINNAME` varchar(64) NOT NULL,
  `LOGINTIME` varchar(14) DEFAULT NULL,
  `IMGID` varchar(32) DEFAULT NULL,
  PRIMARY KEY (`ID`)
) ENGINE=MyISAM DEFAULT CHARSET=utf8 COMMENT='InnoDB free: 12288 kB alone_user';

-- ----------------------------
-- Records of alone_auth_user
-- ----------------------------
INSERT INTO `alone_auth_user` VALUES ('40288b854a329988014a329a12f30002', '系统管理员', '45A6964B87BEC90B5B6C6414FAF397A7', '', '3', '20141210130925', '20151019195604', 'userId', '40288b854a329988014a329a12f30002', '1', 'sysadmin', '20160718113117', '402888ac5073d0dc01507468856d00c2');

-- ----------------------------
-- Table structure for `alone_auth_userorg`
-- ----------------------------
DROP TABLE IF EXISTS `alone_auth_userorg`;
CREATE TABLE `alone_auth_userorg` (
  `ID` varchar(32) NOT NULL,
  `USERID` varchar(32) NOT NULL,
  `ORGANIZATIONID` varchar(32) NOT NULL,
  PRIMARY KEY (`ID`)
) ENGINE=InnoDB DEFAULT CHARSET=utf8 COMMENT='InnoDB free: 12288 kB; (`organizationid`) REFER `alone/alone';

-- ----------------------------
-- Records of alone_auth_userorg
-- ----------------------------

-- ----------------------------
-- Table structure for `alone_auth_userpost`
-- ----------------------------
DROP TABLE IF EXISTS `alone_auth_userpost`;
CREATE TABLE `alone_auth_userpost` (
  `ID` varchar(32) NOT NULL,
  `USERID` varchar(32) NOT NULL,
  `POSTID` varchar(32) NOT NULL,
  PRIMARY KEY (`ID`)
) ENGINE=InnoDB DEFAULT CHARSET=utf8;

-- ----------------------------
-- Records of alone_auth_userpost
-- ----------------------------

-- ----------------------------
-- Table structure for `alone_dictionary_entity`
-- ----------------------------
DROP TABLE IF EXISTS `alone_dictionary_entity`;
CREATE TABLE `alone_dictionary_entity` (
  `ID` varchar(32) NOT NULL,
  `CTIME` varchar(12) NOT NULL,
  `UTIME` varchar(12) NOT NULL,
  `CUSER` varchar(32) NOT NULL,
  `MUSER` varchar(32) NOT NULL,
  `STATE` char(1) NOT NULL DEFAULT '',
  `NAME` varchar(128) NOT NULL,
  `ENTITYINDEX` varchar(128) NOT NULL,
  `COMMENTS` varchar(128) DEFAULT NULL,
  `TYPE` char(1) NOT NULL,
  PRIMARY KEY (`ID`)
) ENGINE=InnoDB DEFAULT CHARSET=utf8 COMMENT='InnoDB free: 12288 kB';

-- ----------------------------
-- Records of alone_dictionary_entity
-- ----------------------------
INSERT INTO `alone_dictionary_entity` VALUES ('402888a855ce21490155ce3ebb7f0000', '201607091401', '201607091401', '40288b854a329988014a329a12f30002', '40288b854a329988014a329a12f30002', '1', '个人简历-期望工作性质', 'RESUME_WORKNATURE', '{全职:1, 兼职:2, 实习:3}', '1');
INSERT INTO `alone_dictionary_entity` VALUES ('402888a855ce21490155ce402ec90001', '201607091402', '201607091402', '40288b854a329988014a329a12f30002', '40288b854a329988014a329a12f30002', '1', '个人简历-期望从事职业', 'RESUME_WORKOCCUPATION', '{开发:1, 测试:2, 项目经理:4}', '1');
INSERT INTO `alone_dictionary_entity` VALUES ('402888a855ce21490155ce4062ef0002', '201607091402', '201607091402', '40288b854a329988014a329a12f30002', '40288b854a329988014a329a12f30002', '1', '个人简历-期望从事行业', 'RESUME_WORKINDUSTRY', '{金融业:1, IT|通信|电子|互联网:2, 政府|非盈利机构:3, 交通|运输|物流|仓储:4, 其它:99}', '1');
INSERT INTO `alone_dictionary_entity` VALUES ('402888a855ce21490155ce409db00003', '201607091403', '201607091403', '40288b854a329988014a329a12f30002', '40288b854a329988014a329a12f30002', '1', '个人简历-工作状态', 'RESUME_WORKSTAT', '{在职:1, 离职:2}', '1');
INSERT INTO `alone_dictionary_entity` VALUES ('402888ac55c54f310155c557c10f0000', '201607072031', '201607072031', '40288b854a329988014a329a12f30002', '40288b854a329988014a329a12f30002', '1', '个人简历-性别', 'RESUME_SEX', '{男:1, 女:2}', '1');
INSERT INTO `alone_dictionary_entity` VALUES ('402888ac55c9abb00155c9b11a730000', '201607081647', '201607081647', '40288b854a329988014a329a12f30002', '40288b854a329988014a329a12f30002', '1', '个人简历-婚姻状况', 'RESUME_MARRIAGESTA', '{未婚:1, 已婚:2, 离异:3}', '1');
INSERT INTO `alone_dictionary_entity` VALUES ('402888ac55c9abb00155c9b1a65e0001', '201607081648', '201607081648', '40288b854a329988014a329a12f30002', '40288b854a329988014a329a12f30002', '1', '个人简历-海外工作/学习经历', 'RESUME_STUDYABROAD', '{有:1, 无:2}', '1');
INSERT INTO `alone_dictionary_entity` VALUES ('402888ac55c9abb00155c9b1d83e0002', '201607081648', '201607081648', '40288b854a329988014a329a12f30002', '40288b854a329988014a329a12f30002', '1', '个人简历-政治面貌', 'RESUME_ZZMM', '{中共党员(含预备党员):1, 团员:2, 群众:3, 民主党派:4, 无党派人士:5}', '1');
INSERT INTO `alone_dictionary_entity` VALUES ('402888ac55c9abb00155c9ba602a000d', '201607081658', '201607081658', '40288b854a329988014a329a12f30002', '40288b854a329988014a329a12f30002', '1', '个人简历-国籍', 'RESUME_NATIONALITY', '{中国:1, 其它:99}', '1');
INSERT INTO `alone_dictionary_entity` VALUES ('402888ac55c9abb00155c9bec52b0011', '201607081702', '201607081702', '40288b854a329988014a329a12f30002', '40288b854a329988014a329a12f30002', '1', '个人简历-证件类型', 'RESUME_OTHERTYPE', '{驾照:1, 其它:99}', '1');
INSERT INTO `alone_dictionary_entity` VALUES ('402888ac55cd984d0155cdad81b30000', '201607091122', '201607091122', '40288b854a329988014a329a12f30002', '40288b854a329988014a329a12f30002', '1', '个人简历-学历', 'RESUME_DEGREE', '{初中:4, 高中:8, 大专:12, 本科:16, 研究生:5, 博士生:20}', '1');
INSERT INTO `alone_dictionary_entity` VALUES ('402888ac55cd984d0155cdadd46f0001', '201607091122', '201607091122', '40288b854a329988014a329a12f30002', '40288b854a329988014a329a12f30002', '1', '个人简历-是否统招', 'RESUME_UNITARYIS', '{是:1, 否:2}', '1');
INSERT INTO `alone_dictionary_entity` VALUES ('402888ac55ce66e90155ce7702aa0000', '201607091502', '201607091502', '40288b854a329988014a329a12f30002', '40288b854a329988014a329a12f30002', '1', '个人简历-行业类别', 'RESUME_TYPE', '{IT:1, 房地产/建筑/建材/工程:2, 耐用消费品（服饰/纺织/皮革/家具/家电）:3, 医药/生物工程:4, 广告/会展/公关:5, 其它:99}', '1');
INSERT INTO `alone_dictionary_entity` VALUES ('402888ac55ce66e90155ce7736ed0001', '201607091502', '201607091502', '40288b854a329988014a329a12f30002', '40288b854a329988014a329a12f30002', '1', '个人简历-企业性质', 'RESUME_EPROPERTY', '{国企|央企:1, 私企:2, 外企:3, 其它:99}', '1');
INSERT INTO `alone_dictionary_entity` VALUES ('402888ac55ce66e90155ce7761670002', '201607091502', '201607091502', '40288b854a329988014a329a12f30002', '40288b854a329988014a329a12f30002', '1', '个人简历-企业规模', 'RESUME_ESCALE', '{20人以下:1, 20~100:2, 100~500:3, 500~1000:4, 1000~5000:5, 5000~10000:6, 10000人以上:7}', '1');
INSERT INTO `alone_dictionary_entity` VALUES ('402888ac55ce66e90155ce77871a0003', '201607091503', '201607091503', '40288b854a329988014a329a12f30002', '40288b854a329988014a329a12f30002', '1', '个人简历-职位月薪(税前)', 'RESUME_SALARY', '{1000以下:1, 2000~3000:2, 3000~4000:3, 4000~5000:4, 5000~7000:5, 7000~9000:7, 10000~15000:10, 15000~以上...', '1');
INSERT INTO `alone_dictionary_entity` VALUES ('402888ac55d3b5ef0155d3baf3ac0000', '201607101534', '201607101534', '40288b854a329988014a329a12f30002', '40288b854a329988014a329a12f30002', '1', '个人简历-与本人关系', 'RESUME_RELATIONTYPE', '{父母:1, 兄弟姐妹:2, 子女:3, 其他:99}', '1');
INSERT INTO `alone_dictionary_entity` VALUES ('402894ca49600f600149602141820000', '201410301617', '201410301617', '12312323123123', '12312323123123', '1', '系统菜单域', 'ALONE_MENU_DOMAIN', '{前台:HOME}', '1');
INSERT INTO `alone_dictionary_entity` VALUES ('402894ca4add11f6014add1ad9cd000e', '201501121545', '201501121545', '40288b854a329988014a329a12f30002', '40288b854a329988014a329a12f30002', '1', '计划任务标签', 'PLAN_TAGS', '{日程:日程, 错误修复:错误修复}', '1');

-- ----------------------------
-- Table structure for `alone_dictionary_type`
-- ----------------------------
DROP TABLE IF EXISTS `alone_dictionary_type`;
CREATE TABLE `alone_dictionary_type` (
  `CTIME` varchar(12) NOT NULL,
  `UTIME` varchar(12) NOT NULL,
  `CUSER` varchar(32) NOT NULL,
  `MUSER` varchar(32) NOT NULL,
  `STATE` char(1) NOT NULL,
  `NAME` varchar(128) NOT NULL,
  `COMMENTS` varchar(128) DEFAULT NULL,
  `ENTITYTYPE` varchar(128) NOT NULL,
  `ENTITY` varchar(32) NOT NULL,
  `ID` varchar(32) NOT NULL DEFAULT '',
  `SORT` int(11) NOT NULL,
  `PARENTID` varchar(32) DEFAULT NULL,
  `TREECODE` varchar(256) DEFAULT NULL,
  PRIMARY KEY (`ID`),
  KEY `FK_Reference_8` (`ENTITY`),
  CONSTRAINT `FK_Reference_8` FOREIGN KEY (`ENTITY`) REFERENCES `alone_dictionary_entity` (`ID`)
) ENGINE=InnoDB DEFAULT CHARSET=utf8 COMMENT='InnoDB free: 12288 kB alone_dictionary_type';

-- ----------------------------
-- Records of alone_dictionary_type
-- ----------------------------
INSERT INTO `alone_dictionary_type` VALUES ('201607091404', '201607091404', '40288b854a329988014a329a12f30002', '40288b854a329988014a329a12f30002', '1', '在职', '', '1', '402888a855ce21490155ce409db00003', '402888a855ce21490155ce41a7670004', '1', 'NONE', '402888a855ce21490155ce41a7670004');
INSERT INTO `alone_dictionary_type` VALUES ('201607091404', '201607091404', '40288b854a329988014a329a12f30002', '40288b854a329988014a329a12f30002', '1', '离职', '', '2', '402888a855ce21490155ce409db00003', '402888a855ce21490155ce41c5150005', '2', 'NONE', '402888a855ce21490155ce41c5150005');
INSERT INTO `alone_dictionary_type` VALUES ('201607091404', '201607091408', '40288b854a329988014a329a12f30002', '系统管理员', '1', '全职', '', '1', '402888a855ce21490155ce3ebb7f0000', '402888a855ce21490155ce423ae50006', '1', 'NONE', '402888a855ce21490155ce423ae50006');
INSERT INTO `alone_dictionary_type` VALUES ('201607091405', '201607091408', '40288b854a329988014a329a12f30002', '系统管理员', '1', '兼职', '', '2', '402888a855ce21490155ce3ebb7f0000', '402888a855ce21490155ce425f100007', '2', 'NONE', '402888a855ce21490155ce425f100007');
INSERT INTO `alone_dictionary_type` VALUES ('201607091405', '201607091408', '40288b854a329988014a329a12f30002', '系统管理员', '1', '实习', '', '3', '402888a855ce21490155ce3ebb7f0000', '402888a855ce21490155ce4289370008', '3', 'NONE', '402888a855ce21490155ce4289370008');
INSERT INTO `alone_dictionary_type` VALUES ('201607091406', '201607091406', '40288b854a329988014a329a12f30002', '40288b854a329988014a329a12f30002', '1', '金融业', '', '1', '402888a855ce21490155ce4062ef0002', '402888a855ce21490155ce4386860009', '1', 'NONE', '402888a855ce21490155ce4386860009');
INSERT INTO `alone_dictionary_type` VALUES ('201607091406', '201607091407', '40288b854a329988014a329a12f30002', '系统管理员', '1', 'IT|通信|电子|互联网', '', '2', '402888a855ce21490155ce4062ef0002', '402888a855ce21490155ce43be05000a', '2', 'NONE', '402888a855ce21490155ce43be05000a');
INSERT INTO `alone_dictionary_type` VALUES ('201607091406', '201607091406', '40288b854a329988014a329a12f30002', '系统管理员', '1', '政府|非盈利机构', '', '3', '402888a855ce21490155ce4062ef0002', '402888a855ce21490155ce43f6e6000b', '3', 'NONE', '402888a855ce21490155ce43f6e6000b');
INSERT INTO `alone_dictionary_type` VALUES ('201607091407', '201607091407', '40288b854a329988014a329a12f30002', '40288b854a329988014a329a12f30002', '1', '交通|运输|物流|仓储', '', '4', '402888a855ce21490155ce4062ef0002', '402888a855ce21490155ce447d79000c', '4', 'NONE', '402888a855ce21490155ce447d79000c');
INSERT INTO `alone_dictionary_type` VALUES ('201607091407', '201607091407', '40288b854a329988014a329a12f30002', '40288b854a329988014a329a12f30002', '1', '其它', '', '99', '402888a855ce21490155ce4062ef0002', '402888a855ce21490155ce44faac000d', '99', 'NONE', '402888a855ce21490155ce44faac000d');
INSERT INTO `alone_dictionary_type` VALUES ('201607091409', '201607091409', '40288b854a329988014a329a12f30002', '40288b854a329988014a329a12f30002', '1', '开发', '', '1', '402888a855ce21490155ce402ec90001', '402888a855ce21490155ce4655fa000e', '1', 'NONE', '402888a855ce21490155ce4655fa000e');
INSERT INTO `alone_dictionary_type` VALUES ('201607091409', '201607091409', '40288b854a329988014a329a12f30002', '系统管理员', '1', '测试', '', '2', '402888a855ce21490155ce402ec90001', '402888a855ce21490155ce466939000f', '2', 'NONE', '402888a855ce21490155ce466939000f');
INSERT INTO `alone_dictionary_type` VALUES ('201607091409', '201607091409', '40288b854a329988014a329a12f30002', '系统管理员', '1', '项目经理', '', '4', '402888a855ce21490155ce402ec90001', '402888a855ce21490155ce4685650010', '4', 'NONE', '402888a855ce21490155ce4685650010');
INSERT INTO `alone_dictionary_type` VALUES ('201607072032', '201607072032', '40288b854a329988014a329a12f30002', '40288b854a329988014a329a12f30002', '1', '男', '', '1', '402888ac55c54f310155c557c10f0000', '402888ac55c54f310155c5581bc10001', '1', 'NONE', '402888ac55c54f310155c5581bc10001');
INSERT INTO `alone_dictionary_type` VALUES ('201607072032', '201607072032', '40288b854a329988014a329a12f30002', '40288b854a329988014a329a12f30002', '1', '女', '', '2', '402888ac55c54f310155c557c10f0000', '402888ac55c54f310155c55840860002', '2', 'NONE', '402888ac55c54f310155c55840860002');
INSERT INTO `alone_dictionary_type` VALUES ('201607081649', '201607081649', '40288b854a329988014a329a12f30002', '40288b854a329988014a329a12f30002', '1', '有', '', '1', '402888ac55c9abb00155c9b1a65e0001', '402888ac55c9abb00155c9b224aa0003', '1', 'NONE', '402888ac55c9abb00155c9b224aa0003');
INSERT INTO `alone_dictionary_type` VALUES ('201607081649', '201607081649', '40288b854a329988014a329a12f30002', '40288b854a329988014a329a12f30002', '1', '无', '', '2', '402888ac55c9abb00155c9b1a65e0001', '402888ac55c9abb00155c9b24e9b0004', '2', 'NONE', '402888ac55c9abb00155c9b24e9b0004');
INSERT INTO `alone_dictionary_type` VALUES ('201607081649', '201607081649', '40288b854a329988014a329a12f30002', '40288b854a329988014a329a12f30002', '1', '中共党员(含预备党员)', '', '1', '402888ac55c9abb00155c9b1d83e0002', '402888ac55c9abb00155c9b2a65c0005', '1', 'NONE', '402888ac55c9abb00155c9b2a65c0005');
INSERT INTO `alone_dictionary_type` VALUES ('201607081649', '201607081649', '40288b854a329988014a329a12f30002', '40288b854a329988014a329a12f30002', '1', '团员', '', '2', '402888ac55c9abb00155c9b1d83e0002', '402888ac55c9abb00155c9b2cb7a0006', '2', 'NONE', '402888ac55c9abb00155c9b2cb7a0006');
INSERT INTO `alone_dictionary_type` VALUES ('201607081649', '201607081649', '40288b854a329988014a329a12f30002', '40288b854a329988014a329a12f30002', '1', '群众', '', '3', '402888ac55c9abb00155c9b1d83e0002', '402888ac55c9abb00155c9b2ea760007', '3', 'NONE', '402888ac55c9abb00155c9b2ea760007');
INSERT INTO `alone_dictionary_type` VALUES ('201607081650', '201607081650', '40288b854a329988014a329a12f30002', '40288b854a329988014a329a12f30002', '1', '民主党派', '', '4', '402888ac55c9abb00155c9b1d83e0002', '402888ac55c9abb00155c9b308cb0008', '4', 'NONE', '402888ac55c9abb00155c9b308cb0008');
INSERT INTO `alone_dictionary_type` VALUES ('201607081650', '201607081650', '40288b854a329988014a329a12f30002', '40288b854a329988014a329a12f30002', '1', '无党派人士', '', '5', '402888ac55c9abb00155c9b1d83e0002', '402888ac55c9abb00155c9b31ee50009', '5', 'NONE', '402888ac55c9abb00155c9b31ee50009');
INSERT INTO `alone_dictionary_type` VALUES ('201607081650', '201607081650', '40288b854a329988014a329a12f30002', '40288b854a329988014a329a12f30002', '1', '未婚', '', '1', '402888ac55c9abb00155c9b11a730000', '402888ac55c9abb00155c9b3727c000a', '1', 'NONE', '402888ac55c9abb00155c9b3727c000a');
INSERT INTO `alone_dictionary_type` VALUES ('201607081650', '201607081650', '40288b854a329988014a329a12f30002', '40288b854a329988014a329a12f30002', '1', '已婚', '', '2', '402888ac55c9abb00155c9b11a730000', '402888ac55c9abb00155c9b38991000b', '2', 'NONE', '402888ac55c9abb00155c9b38991000b');
INSERT INTO `alone_dictionary_type` VALUES ('201607081650', '201607081650', '40288b854a329988014a329a12f30002', '40288b854a329988014a329a12f30002', '1', '离异', '', '3', '402888ac55c9abb00155c9b11a730000', '402888ac55c9abb00155c9b39d1e000c', '3', 'NONE', '402888ac55c9abb00155c9b39d1e000c');
INSERT INTO `alone_dictionary_type` VALUES ('201607081658', '201607081658', '40288b854a329988014a329a12f30002', '40288b854a329988014a329a12f30002', '1', '中国', '', '1', '402888ac55c9abb00155c9ba602a000d', '402888ac55c9abb00155c9bb2246000e', '1', 'NONE', '402888ac55c9abb00155c9bb2246000e');
INSERT INTO `alone_dictionary_type` VALUES ('201607081659', '201607081659', '40288b854a329988014a329a12f30002', '40288b854a329988014a329a12f30002', '1', '其它', '', '99', '402888ac55c9abb00155c9ba602a000d', '402888ac55c9abb00155c9bb5a380010', '99', 'NONE', '402888ac55c9abb00155c9bb5a380010');
INSERT INTO `alone_dictionary_type` VALUES ('201607081703', '201607081703', '40288b854a329988014a329a12f30002', '40288b854a329988014a329a12f30002', '1', '驾照', '', '1', '402888ac55c9abb00155c9bec52b0011', '402888ac55c9abb00155c9bf2fe00012', '1', 'NONE', '402888ac55c9abb00155c9bf2fe00012');
INSERT INTO `alone_dictionary_type` VALUES ('201607081703', '201607081703', '40288b854a329988014a329a12f30002', '40288b854a329988014a329a12f30002', '1', '其它', '', '99', '402888ac55c9abb00155c9bec52b0011', '402888ac55c9abb00155c9bf4c4d0013', '99', 'NONE', '402888ac55c9abb00155c9bf4c4d0013');
INSERT INTO `alone_dictionary_type` VALUES ('201607091123', '201607111614', '40288b854a329988014a329a12f30002', '系统管理员', '1', '初中', '', '4', '402888ac55cd984d0155cdad81b30000', '402888ac55cd984d0155cdae2b170002', '4', 'NONE', '402888ac55cd984d0155cdae2b170002');
INSERT INTO `alone_dictionary_type` VALUES ('201607091123', '201607111615', '40288b854a329988014a329a12f30002', '系统管理员', '1', '高中', '', '8', '402888ac55cd984d0155cdad81b30000', '402888ac55cd984d0155cdae47870003', '8', 'NONE', '402888ac55cd984d0155cdae47870003');
INSERT INTO `alone_dictionary_type` VALUES ('201607091123', '201607111615', '40288b854a329988014a329a12f30002', '系统管理员', '1', '大专', '', '12', '402888ac55cd984d0155cdad81b30000', '402888ac55cd984d0155cdaece680004', '12', 'NONE', '402888ac55cd984d0155cdaece680004');
INSERT INTO `alone_dictionary_type` VALUES ('201607091124', '201607111615', '40288b854a329988014a329a12f30002', '系统管理员', '1', '本科', '', '16', '402888ac55cd984d0155cdad81b30000', '402888ac55cd984d0155cdaee91f0005', '16', 'NONE', '402888ac55cd984d0155cdaee91f0005');
INSERT INTO `alone_dictionary_type` VALUES ('201607091124', '201607091124', '40288b854a329988014a329a12f30002', '40288b854a329988014a329a12f30002', '1', '是', '', '1', '402888ac55cd984d0155cdadd46f0001', '402888ac55cd984d0155cdaf36510006', '1', 'NONE', '402888ac55cd984d0155cdaf36510006');
INSERT INTO `alone_dictionary_type` VALUES ('201607091124', '201607091124', '40288b854a329988014a329a12f30002', '40288b854a329988014a329a12f30002', '1', '否', '', '2', '402888ac55cd984d0155cdadd46f0001', '402888ac55cd984d0155cdaf50df0007', '2', 'NONE', '402888ac55cd984d0155cdaf50df0007');
INSERT INTO `alone_dictionary_type` VALUES ('201607091503', '201607091503', '40288b854a329988014a329a12f30002', '40288b854a329988014a329a12f30002', '1', '1000以下', '', '1', '402888ac55ce66e90155ce77871a0003', '402888ac55ce66e90155ce782f610004', '1', 'NONE', '402888ac55ce66e90155ce782f610004');
INSERT INTO `alone_dictionary_type` VALUES ('201607091504', '201607091504', '40288b854a329988014a329a12f30002', '40288b854a329988014a329a12f30002', '1', '2000~3000', '', '2', '402888ac55ce66e90155ce77871a0003', '402888ac55ce66e90155ce785c810005', '2', 'NONE', '402888ac55ce66e90155ce785c810005');
INSERT INTO `alone_dictionary_type` VALUES ('201607091504', '201607091504', '40288b854a329988014a329a12f30002', '40288b854a329988014a329a12f30002', '1', '3000~4000', '', '3', '402888ac55ce66e90155ce77871a0003', '402888ac55ce66e90155ce787e660006', '3', 'NONE', '402888ac55ce66e90155ce787e660006');
INSERT INTO `alone_dictionary_type` VALUES ('201607091504', '201607091504', '40288b854a329988014a329a12f30002', '40288b854a329988014a329a12f30002', '1', '4000~5000', '', '4', '402888ac55ce66e90155ce77871a0003', '402888ac55ce66e90155ce78b94b0007', '4', 'NONE', '402888ac55ce66e90155ce78b94b0007');
INSERT INTO `alone_dictionary_type` VALUES ('201607091504', '201607091504', '40288b854a329988014a329a12f30002', '40288b854a329988014a329a12f30002', '1', '5000~7000', '', '5', '402888ac55ce66e90155ce77871a0003', '402888ac55ce66e90155ce7901780008', '5', 'NONE', '402888ac55ce66e90155ce7901780008');
INSERT INTO `alone_dictionary_type` VALUES ('201607091505', '201607091505', '40288b854a329988014a329a12f30002', '40288b854a329988014a329a12f30002', '1', '7000~9000', '', '7', '402888ac55ce66e90155ce77871a0003', '402888ac55ce66e90155ce799aaa0009', '7', 'NONE', '402888ac55ce66e90155ce799aaa0009');
INSERT INTO `alone_dictionary_type` VALUES ('201607091505', '201607091505', '40288b854a329988014a329a12f30002', '40288b854a329988014a329a12f30002', '1', '10000~15000', '', '10', '402888ac55ce66e90155ce77871a0003', '402888ac55ce66e90155ce79cfb1000a', '10', 'NONE', '402888ac55ce66e90155ce79cfb1000a');
INSERT INTO `alone_dictionary_type` VALUES ('201607091505', '201607091505', '40288b854a329988014a329a12f30002', '40288b854a329988014a329a12f30002', '1', '15000~以上', '', '15', '402888ac55ce66e90155ce77871a0003', '402888ac55ce66e90155ce7a22be000b', '15', 'NONE', '402888ac55ce66e90155ce7a22be000b');
INSERT INTO `alone_dictionary_type` VALUES ('201607091506', '201607091506', '40288b854a329988014a329a12f30002', '40288b854a329988014a329a12f30002', '1', 'IT', '', '1', '402888ac55ce66e90155ce7702aa0000', '402888ac55ce66e90155ce7ae4ba000c', '1', 'NONE', '402888ac55ce66e90155ce7ae4ba000c');
INSERT INTO `alone_dictionary_type` VALUES ('201607091507', '201607091507', '40288b854a329988014a329a12f30002', '40288b854a329988014a329a12f30002', '1', '房地产/建筑/建材/工程', '', '2', '402888ac55ce66e90155ce7702aa0000', '402888ac55ce66e90155ce7b2db1000d', '2', 'NONE', '402888ac55ce66e90155ce7b2db1000d');
INSERT INTO `alone_dictionary_type` VALUES ('201607091507', '201607091507', '40288b854a329988014a329a12f30002', '40288b854a329988014a329a12f30002', '1', '耐用消费品（服饰/纺织/皮革/家具/家电）', '', '3', '402888ac55ce66e90155ce7702aa0000', '402888ac55ce66e90155ce7ba0c2000e', '3', 'NONE', '402888ac55ce66e90155ce7ba0c2000e');
INSERT INTO `alone_dictionary_type` VALUES ('201607091507', '201607091507', '40288b854a329988014a329a12f30002', '40288b854a329988014a329a12f30002', '1', '医药/生物工程', '', '4', '402888ac55ce66e90155ce7702aa0000', '402888ac55ce66e90155ce7bcbb7000f', '4', 'NONE', '402888ac55ce66e90155ce7bcbb7000f');
INSERT INTO `alone_dictionary_type` VALUES ('201607091508', '201607091508', '40288b854a329988014a329a12f30002', '40288b854a329988014a329a12f30002', '1', '广告/会展/公关', '', '5', '402888ac55ce66e90155ce7702aa0000', '402888ac55ce66e90155ce7c03ac0010', '5', 'NONE', '402888ac55ce66e90155ce7c03ac0010');
INSERT INTO `alone_dictionary_type` VALUES ('201607091508', '201607091508', '40288b854a329988014a329a12f30002', '40288b854a329988014a329a12f30002', '1', '其它', '', '99', '402888ac55ce66e90155ce7702aa0000', '402888ac55ce66e90155ce7c2b450011', '99', 'NONE', '402888ac55ce66e90155ce7c2b450011');
INSERT INTO `alone_dictionary_type` VALUES ('201607091508', '201607091509', '40288b854a329988014a329a12f30002', '系统管理员', '1', '国企|央企', '', '1', '402888ac55ce66e90155ce7736ed0001', '402888ac55ce66e90155ce7cd0df0012', '1', 'NONE', '402888ac55ce66e90155ce7cd0df0012');
INSERT INTO `alone_dictionary_type` VALUES ('201607091509', '201607091509', '40288b854a329988014a329a12f30002', '40288b854a329988014a329a12f30002', '1', '私企', '', '2', '402888ac55ce66e90155ce7736ed0001', '402888ac55ce66e90155ce7cedec0013', '2', 'NONE', '402888ac55ce66e90155ce7cedec0013');
INSERT INTO `alone_dictionary_type` VALUES ('201607091509', '201607091509', '40288b854a329988014a329a12f30002', '40288b854a329988014a329a12f30002', '1', '外企', '', '3', '402888ac55ce66e90155ce7736ed0001', '402888ac55ce66e90155ce7d0cb70014', '3', 'NONE', '402888ac55ce66e90155ce7d0cb70014');
INSERT INTO `alone_dictionary_type` VALUES ('201607091509', '201607091509', '40288b854a329988014a329a12f30002', '40288b854a329988014a329a12f30002', '1', '其它', '', '99', '402888ac55ce66e90155ce7736ed0001', '402888ac55ce66e90155ce7d29d30015', '99', 'NONE', '402888ac55ce66e90155ce7d29d30015');
INSERT INTO `alone_dictionary_type` VALUES ('201607091510', '201607091510', '40288b854a329988014a329a12f30002', '40288b854a329988014a329a12f30002', '1', '20人以下', '', '1', '402888ac55ce66e90155ce7761670002', '402888ac55ce66e90155ce7e0d600016', '1', 'NONE', '402888ac55ce66e90155ce7e0d600016');
INSERT INTO `alone_dictionary_type` VALUES ('201607091510', '201607091510', '40288b854a329988014a329a12f30002', '40288b854a329988014a329a12f30002', '1', '20~100', '', '2', '402888ac55ce66e90155ce7761670002', '402888ac55ce66e90155ce7e86560017', '2', 'NONE', '402888ac55ce66e90155ce7e86560017');
INSERT INTO `alone_dictionary_type` VALUES ('201607091510', '201607091510', '40288b854a329988014a329a12f30002', '40288b854a329988014a329a12f30002', '1', '100~500', '', '3', '402888ac55ce66e90155ce7761670002', '402888ac55ce66e90155ce7eab010018', '3', 'NONE', '402888ac55ce66e90155ce7eab010018');
INSERT INTO `alone_dictionary_type` VALUES ('201607091511', '201607091511', '40288b854a329988014a329a12f30002', '40288b854a329988014a329a12f30002', '1', '500~1000', '', '4', '402888ac55ce66e90155ce7761670002', '402888ac55ce66e90155ce7ed1820019', '4', 'NONE', '402888ac55ce66e90155ce7ed1820019');
INSERT INTO `alone_dictionary_type` VALUES ('201607091511', '201607091511', '40288b854a329988014a329a12f30002', '40288b854a329988014a329a12f30002', '1', '1000~5000', '', '5', '402888ac55ce66e90155ce7761670002', '402888ac55ce66e90155ce7f12b3001a', '5', 'NONE', '402888ac55ce66e90155ce7f12b3001a');
INSERT INTO `alone_dictionary_type` VALUES ('201607091511', '201607091511', '40288b854a329988014a329a12f30002', '40288b854a329988014a329a12f30002', '1', '5000~10000', '', '6', '402888ac55ce66e90155ce7761670002', '402888ac55ce66e90155ce7f3891001b', '6', 'NONE', '402888ac55ce66e90155ce7f3891001b');
INSERT INTO `alone_dictionary_type` VALUES ('201607091511', '201607091511', '40288b854a329988014a329a12f30002', '40288b854a329988014a329a12f30002', '1', '10000人以上', '', '7', '402888ac55ce66e90155ce7761670002', '402888ac55ce66e90155ce7f6e2d001c', '7', 'NONE', '402888ac55ce66e90155ce7f6e2d001c');
INSERT INTO `alone_dictionary_type` VALUES ('201607101535', '201607101535', '40288b854a329988014a329a12f30002', '40288b854a329988014a329a12f30002', '1', '父母', '', '1', '402888ac55d3b5ef0155d3baf3ac0000', '402888ac55d3b5ef0155d3bb31b20001', '1', 'NONE', '402888ac55d3b5ef0155d3bb31b20001');
INSERT INTO `alone_dictionary_type` VALUES ('201607101535', '201607101535', '40288b854a329988014a329a12f30002', '40288b854a329988014a329a12f30002', '1', '兄弟姐妹', '', '2', '402888ac55d3b5ef0155d3baf3ac0000', '402888ac55d3b5ef0155d3bb6ad90002', '2', 'NONE', '402888ac55d3b5ef0155d3bb6ad90002');
INSERT INTO `alone_dictionary_type` VALUES ('201607101535', '201607101535', '40288b854a329988014a329a12f30002', '40288b854a329988014a329a12f30002', '1', '子女', '', '3', '402888ac55d3b5ef0155d3baf3ac0000', '402888ac55d3b5ef0155d3bb9db50003', '3', 'NONE', '402888ac55d3b5ef0155d3bb9db50003');
INSERT INTO `alone_dictionary_type` VALUES ('201607101535', '201607101535', '40288b854a329988014a329a12f30002', '系统管理员', '1', '其他', '', '99', '402888ac55d3b5ef0155d3baf3ac0000', '402888ac55d3b5ef0155d3bbb90d0004', '99', 'NONE', '402888ac55d3b5ef0155d3bbb90d0004');
INSERT INTO `alone_dictionary_type` VALUES ('201607111614', '201607111614', '40288b854a329988014a329a12f30002', '40288b854a329988014a329a12f30002', '1', '研究生', '', '5', '402888ac55cd984d0155cdad81b30000', '402888ac55d8bcbe0155d90576510002', '5', 'NONE', '402888ac55d8bcbe0155d90576510002');
INSERT INTO `alone_dictionary_type` VALUES ('201607111614', '201607111614', '40288b854a329988014a329a12f30002', '40288b854a329988014a329a12f30002', '1', '博士生', '', '20', '402888ac55cd984d0155cdad81b30000', '402888ac55d8bcbe0155d905cfb50003', '20', 'NONE', '402888ac55d8bcbe0155d905cfb50003');
INSERT INTO `alone_dictionary_type` VALUES ('201410301617', '201410301617', '12312323123123', '12312323123123', '1', '前台', '', 'HOME', '402894ca49600f600149602141820000', '402894ca49600f6001496021a7020001', '1', 'NONE', '402894ca49600f6001496021a7020001');
INSERT INTO `alone_dictionary_type` VALUES ('201501121545', '201501121545', '40288b854a329988014a329a12f30002', '40288b854a329988014a329a12f30002', '1', '日程', '', '日程', '402894ca4add11f6014add1ad9cd000e', '402894ca4add11f6014add1b1c25000f', '1', 'NONE', '402894ca4add11f6014add1b1c25000f');
INSERT INTO `alone_dictionary_type` VALUES ('201501121545', '201501121545', '40288b854a329988014a329a12f30002', '40288b854a329988014a329a12f30002', '1', '错误修复', '', '错误修复', '402894ca4add11f6014add1ad9cd000e', '402894ca4add11f6014add1b42c80010', '2', 'NONE', '402894ca4add11f6014add1b42c80010');

-- ----------------------------
-- Table structure for `alone_parameter`
-- ----------------------------
DROP TABLE IF EXISTS `alone_parameter`;
CREATE TABLE `alone_parameter` (
  `ID` varchar(32) NOT NULL,
  `CTIME` varchar(12) NOT NULL,
  `UTIME` varchar(12) NOT NULL,
  `CUSER` varchar(32) NOT NULL,
  `MUSER` varchar(32) NOT NULL,
  `NAME` varchar(128) NOT NULL,
  `STATE` char(1) NOT NULL,
  `PKEY` varchar(64) NOT NULL,
  `PVALUE` varchar(2048) NOT NULL,
  `RULES` varchar(256) DEFAULT NULL,
  `DOMAIN` varchar(64) DEFAULT NULL,
  `COMMENTS` varchar(256) DEFAULT NULL,
  `VTYPE` char(1) NOT NULL COMMENT ' 文本：1 枚举：2',
  `USERABLE` varchar(1) NOT NULL COMMENT '0否，1是',
  PRIMARY KEY (`ID`)
) ENGINE=MyISAM DEFAULT CHARSET=utf8 COMMENT='InnoDB free: 12288 kB; InnoDB free: 12288 kB alone_parameter';

-- ----------------------------
-- Records of alone_parameter
-- ----------------------------

-- ----------------------------
-- Table structure for `alone_parameter_local`
-- ----------------------------
DROP TABLE IF EXISTS `alone_parameter_local`;
CREATE TABLE `alone_parameter_local` (
  `ID` varchar(32) NOT NULL,
  `PARAMETERID` varchar(32) NOT NULL,
  `EUSER` varchar(32) NOT NULL,
  `PVALUE` varchar(2048) NOT NULL,
  PRIMARY KEY (`ID`),
  KEY `FK_Reference_50` (`PARAMETERID`)
) ENGINE=MyISAM DEFAULT CHARSET=utf8;

-- ----------------------------
-- Records of alone_parameter_local
-- ----------------------------

-- ----------------------------
-- Table structure for `farm_doc`
-- ----------------------------
DROP TABLE IF EXISTS `farm_doc`;
CREATE TABLE `farm_doc` (
  `TITLE` varchar(256) NOT NULL,
  `DOCDESCRIBE` varchar(256) DEFAULT NULL,
  `AUTHOR` varchar(64) DEFAULT NULL,
  `PUBTIME` varchar(14) NOT NULL,
  `DOMTYPE` varchar(2) NOT NULL COMMENT '1.HTML文档，2.txt，3html站点',
  `SHORTTITLE` varchar(64) DEFAULT NULL,
  `TAGKEY` varchar(1024) DEFAULT NULL,
  `SOURCE` varchar(256) DEFAULT NULL,
  `TOPLEVE` int(11) DEFAULT NULL,
  `IMGID` varchar(32) DEFAULT NULL,
  `STATE` varchar(2) NOT NULL COMMENT '1开放、0禁用、2待审核',
  `ID` varchar(32) NOT NULL,
  `CTIME` varchar(16) NOT NULL,
  `ETIME` varchar(16) NOT NULL,
  `CUSERNAME` varchar(64) NOT NULL,
  `CUSER` varchar(32) NOT NULL,
  `EUSERNAME` varchar(64) NOT NULL,
  `EUSER` varchar(32) NOT NULL,
  `PCONTENT` varchar(128) DEFAULT NULL,
  `TEXTID` varchar(32) NOT NULL,
  `WRITEPOP` varchar(2) NOT NULL COMMENT '1公开、0本人、2小组、3禁止编辑',
  `READPOP` varchar(2) NOT NULL COMMENT '1公开、0本人、2小组、3禁用查看',
  `RUNINFOID` varchar(32) NOT NULL,
  `DOCGROUPID` varchar(32) DEFAULT NULL,
  PRIMARY KEY (`ID`),
  KEY `FK_Reference_13` (`IMGID`),
  KEY `FK_Reference_16` (`RUNINFOID`),
  KEY `FK_Reference_20` (`DOCGROUPID`),
  CONSTRAINT `FK_Reference_13` FOREIGN KEY (`IMGID`) REFERENCES `farm_docfile` (`ID`),
  CONSTRAINT `FK_Reference_16` FOREIGN KEY (`RUNINFOID`) REFERENCES `farm_docruninfo` (`ID`),
  CONSTRAINT `FK_Reference_20` FOREIGN KEY (`DOCGROUPID`) REFERENCES `farm_docgroup` (`ID`)
) ENGINE=InnoDB DEFAULT CHARSET=utf8;

-- ----------------------------
-- Records of farm_doc
-- ----------------------------
INSERT INTO `farm_doc` VALUES ('asdfasdf', 'asdf', '系统管理员', '20160718113220', '1', null, '', null, null, null, '1', '402888ac55fc0e8e0155fc0fca2a0004', '20160718113221', '20160718113221', '系统管理员', '40288b854a329988014a329a12f30002', '系统管理员', '40288b854a329988014a329a12f30002', null, '402888ac55fc0e8e0155fc0fc9550003', '0', '1', '402888ac55fc0e8e0155fc0fc9550002', null);

-- ----------------------------
-- Table structure for `farm_docenjoy`
-- ----------------------------
DROP TABLE IF EXISTS `farm_docenjoy`;
CREATE TABLE `farm_docenjoy` (
  `ID` varchar(32) NOT NULL,
  `DOCID` varchar(32) NOT NULL,
  `USERID` varchar(32) NOT NULL,
  PRIMARY KEY (`ID`),
  KEY `FK_Reference_17` (`DOCID`),
  CONSTRAINT `FK_Reference_17` FOREIGN KEY (`DOCID`) REFERENCES `farm_doc` (`ID`)
) ENGINE=InnoDB DEFAULT CHARSET=utf8;

-- ----------------------------
-- Records of farm_docenjoy
-- ----------------------------

-- ----------------------------
-- Table structure for `farm_docfile`
-- ----------------------------
DROP TABLE IF EXISTS `farm_docfile`;
CREATE TABLE `farm_docfile` (
  `DIR` varchar(256) NOT NULL,
  `SERVERID` varchar(32) NOT NULL,
  `TYPE` varchar(2) NOT NULL COMMENT '1图片',
  `NAME` varchar(64) NOT NULL,
  `EXNAME` varchar(16) NOT NULL,
  `LEN` float NOT NULL,
  `FILENAME` varchar(64) NOT NULL,
  `ID` varchar(32) NOT NULL,
  `CTIME` varchar(16) NOT NULL,
  `ETIME` varchar(16) NOT NULL,
  `CUSERNAME` varchar(64) NOT NULL,
  `CUSER` varchar(32) NOT NULL,
  `EUSERNAME` varchar(64) NOT NULL,
  `EUSER` varchar(32) NOT NULL,
  `PCONTENT` varchar(128) DEFAULT NULL,
  `PSTATE` varchar(2) NOT NULL COMMENT '1正常、0临时',
  PRIMARY KEY (`ID`)
) ENGINE=InnoDB DEFAULT CHARSET=utf8;

-- ----------------------------
-- Records of farm_docfile
-- ----------------------------

-- ----------------------------
-- Table structure for `farm_docgroup`
-- ----------------------------
DROP TABLE IF EXISTS `farm_docgroup`;
CREATE TABLE `farm_docgroup` (
  `ID` varchar(32) NOT NULL,
  `CTIME` varchar(16) NOT NULL,
  `ETIME` varchar(16) NOT NULL,
  `CUSERNAME` varchar(64) NOT NULL,
  `CUSER` varchar(32) NOT NULL,
  `EUSERNAME` varchar(64) NOT NULL,
  `EUSER` varchar(32) NOT NULL,
  `PSTATE` varchar(2) NOT NULL,
  `PCONTENT` varchar(128) DEFAULT NULL,
  `GROUPNAME` varchar(128) NOT NULL,
  `GROUPNOTE` varchar(256) NOT NULL,
  `GROUPTAG` varchar(256) NOT NULL,
  `GROUPIMG` varchar(32) NOT NULL,
  `JOINCHECK` varchar(2) NOT NULL COMMENT '1是0否',
  `USERNUM` int(11) NOT NULL,
  `HOMEDOCID` varchar(32) DEFAULT NULL,
  PRIMARY KEY (`ID`)
) ENGINE=InnoDB DEFAULT CHARSET=utf8;

-- ----------------------------
-- Records of farm_docgroup
-- ----------------------------

-- ----------------------------
-- Table structure for `farm_docgroup_user`
-- ----------------------------
DROP TABLE IF EXISTS `farm_docgroup_user`;
CREATE TABLE `farm_docgroup_user` (
  `ID` varchar(32) NOT NULL,
  `CTIME` varchar(16) NOT NULL,
  `ETIME` varchar(16) NOT NULL,
  `CUSERNAME` varchar(64) NOT NULL,
  `CUSER` varchar(32) NOT NULL,
  `EUSERNAME` varchar(64) NOT NULL,
  `EUSER` varchar(32) NOT NULL,
  `PSTATE` varchar(2) NOT NULL COMMENT '1在用，0邀请，2删除，3申请',
  `PCONTENT` varchar(128) DEFAULT NULL,
  `GROUPID` varchar(32) NOT NULL,
  `USERID` varchar(32) NOT NULL,
  `LEADIS` varchar(2) NOT NULL COMMENT '1是0否',
  `EDITIS` varchar(2) NOT NULL COMMENT '1是0否',
  `SHOWHOME` varchar(2) NOT NULL COMMENT '1是0否',
  `SHOWSORT` int(11) NOT NULL,
  `APPLYNOTE` varchar(128) DEFAULT NULL,
  PRIMARY KEY (`ID`),
  KEY `FK_Reference_21` (`GROUPID`),
  CONSTRAINT `FK_Reference_21` FOREIGN KEY (`GROUPID`) REFERENCES `farm_docgroup` (`ID`)
) ENGINE=InnoDB DEFAULT CHARSET=utf8;

-- ----------------------------
-- Records of farm_docgroup_user
-- ----------------------------

-- ----------------------------
-- Table structure for `farm_docmessage`
-- ----------------------------
DROP TABLE IF EXISTS `farm_docmessage`;
CREATE TABLE `farm_docmessage` (
  `ID` varchar(32) NOT NULL,
  `CTIME` varchar(16) NOT NULL,
  `CUSER` varchar(32) NOT NULL,
  `CUSERNAME` varchar(64) NOT NULL,
  `PSTATE` varchar(2) NOT NULL,
  `PCONTENT` varchar(128) DEFAULT NULL,
  `READUSERID` varchar(32) NOT NULL,
  `CONTENT` varchar(256) NOT NULL,
  `TITLE` varchar(64) NOT NULL,
  `APPID` varchar(32) DEFAULT NULL COMMENT '业务公共会依据该ID查询自己相关的留言',
  `READSTATE` varchar(2) NOT NULL COMMENT '0未读、1已读',
  `PRAISNUM` int(11) DEFAULT NULL,
  `CRITCISMNUM` int(11) DEFAULT NULL COMMENT 'criticism',
  `PARENTID` varchar(32) DEFAULT NULL,
  `REPLYNUM` int(11) DEFAULT NULL COMMENT 'reply',
  PRIMARY KEY (`ID`),
  KEY `FK_Reference_63` (`APPID`)
) ENGINE=MyISAM DEFAULT CHARSET=utf8;

-- ----------------------------
-- Records of farm_docmessage
-- ----------------------------

-- ----------------------------
-- Table structure for `farm_docruninfo`
-- ----------------------------
DROP TABLE IF EXISTS `farm_docruninfo`;
CREATE TABLE `farm_docruninfo` (
  `ID` varchar(32) NOT NULL,
  `VISITNUM` int(11) NOT NULL,
  `HOTNUM` int(11) NOT NULL,
  `LASTVTIME` varchar(14) NOT NULL,
  `PRAISEYES` int(11) NOT NULL,
  `PRAISENO` int(11) NOT NULL,
  `EVALUATE` int(11) NOT NULL COMMENT '好评减去差评',
  `ANSWERINGNUM` int(11) NOT NULL,
  PRIMARY KEY (`ID`)
) ENGINE=InnoDB DEFAULT CHARSET=utf8;

-- ----------------------------
-- Records of farm_docruninfo
-- ----------------------------
INSERT INTO `farm_docruninfo` VALUES ('402888ac55fc0e8e0155fc0fc9550002', '1', '10', '201607181132', '0', '0', '0', '3');

-- ----------------------------
-- Table structure for `farm_docruninfo_detail`
-- ----------------------------
DROP TABLE IF EXISTS `farm_docruninfo_detail`;
CREATE TABLE `farm_docruninfo_detail` (
  `ID` varchar(32) NOT NULL,
  `CTIME` varchar(16) NOT NULL,
  `CUSERNAME` varchar(64) DEFAULT NULL,
  `CUSER` varchar(32) DEFAULT NULL,
  `PSTATE` varchar(2) NOT NULL,
  `PCONTENT` varchar(128) DEFAULT NULL,
  `VTYPE` varchar(2) NOT NULL COMMENT '1访问、2好评、3差评',
  `DOCTEXTID` varchar(32) NOT NULL,
  `RUNINFOID` varchar(32) NOT NULL,
  `USERIP` varchar(128) NOT NULL,
  PRIMARY KEY (`ID`),
  KEY `FK_Reference_22` (`DOCTEXTID`),
  KEY `FK_Reference_23` (`RUNINFOID`),
  CONSTRAINT `FK_Reference_22` FOREIGN KEY (`DOCTEXTID`) REFERENCES `farm_doctext` (`ID`),
  CONSTRAINT `FK_Reference_23` FOREIGN KEY (`RUNINFOID`) REFERENCES `farm_docruninfo` (`ID`)
) ENGINE=InnoDB DEFAULT CHARSET=utf8;

-- ----------------------------
-- Records of farm_docruninfo_detail
-- ----------------------------

-- ----------------------------
-- Table structure for `farm_doctext`
-- ----------------------------
DROP TABLE IF EXISTS `farm_doctext`;
CREATE TABLE `farm_doctext` (
  `TEXT1` longtext NOT NULL,
  `TEXT2` longtext,
  `TEXT3` longtext,
  `ID` varchar(32) NOT NULL,
  `CTIME` varchar(16) NOT NULL,
  `ETIME` varchar(16) NOT NULL,
  `CUSERNAME` varchar(64) NOT NULL,
  `CUSER` varchar(32) NOT NULL,
  `EUSERNAME` varchar(64) NOT NULL,
  `EUSER` varchar(32) NOT NULL,
  `PCONTENT` varchar(128) DEFAULT NULL,
  `PSTATE` varchar(2) NOT NULL COMMENT '1在用内容。2.版本存档3.待审核',
  `DOCID` varchar(32) DEFAULT NULL COMMENT '存档版本时记录其所对照的文档id',
  PRIMARY KEY (`ID`)
) ENGINE=InnoDB DEFAULT CHARSET=utf8;

-- ----------------------------
-- Records of farm_doctext
-- ----------------------------
INSERT INTO `farm_doctext` VALUES ('asdf', null, null, '402888ac55fc0e8e0155fc0fc9550003', '20160718113220', '20160718113220', '系统管理员', '40288b854a329988014a329a12f30002', '系统管理员', '40288b854a329988014a329a12f30002', 'CREAT', '1', null);

-- ----------------------------
-- Table structure for `farm_doctype`
-- ----------------------------
DROP TABLE IF EXISTS `farm_doctype`;
CREATE TABLE `farm_doctype` (
  `NAME` varchar(128) NOT NULL,
  `TYPEMOD` varchar(128) DEFAULT NULL,
  `CONTENTMOD` varchar(128) DEFAULT NULL,
  `SORT` int(11) NOT NULL,
  `TYPE` varchar(2) NOT NULL COMMENT '1内容，2建设，3结构，4链接，5单页',
  `METATITLE` varchar(256) DEFAULT NULL,
  `METAKEY` varchar(256) DEFAULT NULL,
  `METACONTENT` varchar(256) DEFAULT NULL,
  `LINKURL` varchar(256) DEFAULT NULL,
  `ID` varchar(32) NOT NULL,
  `CTIME` varchar(16) NOT NULL,
  `ETIME` varchar(16) NOT NULL,
  `CUSERNAME` varchar(64) NOT NULL,
  `CUSER` varchar(32) NOT NULL,
  `EUSERNAME` varchar(64) NOT NULL,
  `EUSER` varchar(32) NOT NULL,
  `PCONTENT` varchar(128) DEFAULT NULL,
  `PSTATE` varchar(2) NOT NULL,
  `PARENTID` varchar(32) NOT NULL,
  `TREECODE` varchar(256) NOT NULL DEFAULT '',
  `TAGS` varchar(256) DEFAULT NULL,
  `AUDITPOP` varchar(1) NOT NULL,
  `WRITEPOP` varchar(1) NOT NULL,
  `READPOP` varchar(1) NOT NULL,
  PRIMARY KEY (`ID`)
) ENGINE=InnoDB DEFAULT CHARSET=utf8;

-- ----------------------------
-- Records of farm_doctype
-- ----------------------------
INSERT INTO `farm_doctype` VALUES ('1', null, null, '1', '3', null, null, null, null, '402888ac55fc0e8e0155fc0f7fb20001', '20160718113202', '20160718113202', '系统管理员', '40288b854a329988014a329a12f30002', '系统管理员', '40288b854a329988014a329a12f30002', null, '1', 'NONE', '402888ac55fc0e8e0155fc0f7fb20001', null, '0', '0', '0');

-- ----------------------------
-- Table structure for `farm_doctype_pop`
-- ----------------------------
DROP TABLE IF EXISTS `farm_doctype_pop`;
CREATE TABLE `farm_doctype_pop` (
  `ID` varchar(32) NOT NULL,
  `POPTYPE` varchar(1) NOT NULL COMMENT '1人、2组织机构',
  `FUNTYPE` varchar(1) NOT NULL COMMENT '1浏览、2编辑、3审核',
  `OID` varchar(32) NOT NULL,
  `ONAME` varchar(64) NOT NULL,
  `TYPEID` varchar(32) NOT NULL,
  PRIMARY KEY (`ID`),
  KEY `FK_Referencetypepop` (`TYPEID`),
  CONSTRAINT `FK_Referencetypepop` FOREIGN KEY (`TYPEID`) REFERENCES `farm_doctype` (`ID`)
) ENGINE=InnoDB DEFAULT CHARSET=utf8;

-- ----------------------------
-- Records of farm_doctype_pop
-- ----------------------------

-- ----------------------------
-- Table structure for `farm_doc_audit`
-- ----------------------------
DROP TABLE IF EXISTS `farm_doc_audit`;
CREATE TABLE `farm_doc_audit` (
  `CTIME` varchar(16) NOT NULL,
  `ETIME` varchar(16) NOT NULL,
  `CUSERNAME` varchar(64) NOT NULL,
  `CUSER` varchar(32) NOT NULL,
  `PSTATE` varchar(2) NOT NULL COMMENT '1待审核、2审核通过、3审核未通过、4废弃',
  `PCONTENT` varchar(128) DEFAULT NULL,
  `DOCID` varchar(32) NOT NULL,
  `TEXTID` varchar(32) NOT NULL,
  `ID` varchar(32) NOT NULL,
  PRIMARY KEY (`ID`),
  KEY `FK_Reference_64` (`DOCID`),
  KEY `FK_Reference_65` (`TEXTID`),
  CONSTRAINT `FK_Reference_64` FOREIGN KEY (`DOCID`) REFERENCES `farm_doc` (`ID`),
  CONSTRAINT `FK_Reference_65` FOREIGN KEY (`TEXTID`) REFERENCES `farm_doctext` (`ID`)
) ENGINE=InnoDB DEFAULT CHARSET=utf8;

-- ----------------------------
-- Records of farm_doc_audit
-- ----------------------------

-- ----------------------------
-- Table structure for `farm_qz_scheduler`
-- ----------------------------
DROP TABLE IF EXISTS `farm_qz_scheduler`;
CREATE TABLE `farm_qz_scheduler` (
  `ID` varchar(32) NOT NULL,
  `AUTOIS` varchar(2) NOT NULL,
  `CTIME` varchar(16) NOT NULL,
  `ETIME` varchar(16) NOT NULL,
  `CUSERNAME` varchar(64) NOT NULL,
  `CUSER` varchar(32) NOT NULL,
  `EUSERNAME` varchar(64) NOT NULL,
  `EUSER` varchar(32) NOT NULL,
  `PSTATE` varchar(2) NOT NULL,
  `PCONTENT` varchar(128) DEFAULT NULL,
  `TASKID` varchar(32) NOT NULL,
  `TRIGGERID` varchar(32) NOT NULL,
  PRIMARY KEY (`ID`),
  KEY `FK_Reference_18` (`TASKID`),
  KEY `FK_Reference_19` (`TRIGGERID`),
  CONSTRAINT `FK_Reference_18` FOREIGN KEY (`TASKID`) REFERENCES `farm_qz_task` (`ID`),
  CONSTRAINT `FK_Reference_19` FOREIGN KEY (`TRIGGERID`) REFERENCES `farm_qz_trigger` (`ID`)
) ENGINE=InnoDB DEFAULT CHARSET=utf8;

-- ----------------------------
-- Records of farm_qz_scheduler
-- ----------------------------
INSERT INTO `farm_qz_scheduler` VALUES ('402888a8510485be0151048a97e6000a', '1', '20151114134930', '20151114134930', '系统管理员', '40288b854a329988014a329a12f30002', '系统管理员', '40288b854a329988014a329a12f30002', '1', null, '402894ca4af0883a014af092863c0004', '402894ca4af0883a014af08d09f00003');

-- ----------------------------
-- Table structure for `farm_qz_task`
-- ----------------------------
DROP TABLE IF EXISTS `farm_qz_task`;
CREATE TABLE `farm_qz_task` (
  `ID` varchar(32) NOT NULL,
  `CTIME` varchar(16) NOT NULL,
  `ETIME` varchar(16) NOT NULL,
  `CUSERNAME` varchar(64) NOT NULL,
  `CUSER` varchar(32) NOT NULL,
  `EUSERNAME` varchar(64) NOT NULL,
  `EUSER` varchar(32) NOT NULL,
  `PSTATE` varchar(2) NOT NULL,
  `PCONTENT` varchar(128) DEFAULT NULL,
  `JOBCLASS` varchar(128) NOT NULL,
  `NAME` varchar(128) NOT NULL,
  `JOBPARAS` varchar(1024) DEFAULT NULL,
  `JOBKEY` varchar(128) NOT NULL,
  PRIMARY KEY (`ID`)
) ENGINE=InnoDB DEFAULT CHARSET=utf8;

-- ----------------------------
-- Records of farm_qz_task
-- ----------------------------
INSERT INTO `farm_qz_task` VALUES ('402894ca4af0883a014af092863c0004', '20150116102902', '20150116102902', '系统管理员', '40288b854a329988014a329a12f30002', '系统管理员', '40288b854a329988014a329a12f30002', '1', '', 'com.farm.doc.quartz.task.RecountDocHotnumTask', '计算文章热度', null, 'NONE');

-- ----------------------------
-- Table structure for `farm_qz_trigger`
-- ----------------------------
DROP TABLE IF EXISTS `farm_qz_trigger`;
CREATE TABLE `farm_qz_trigger` (
  `ID` varchar(32) NOT NULL,
  `CTIME` varchar(16) NOT NULL,
  `ETIME` varchar(16) NOT NULL,
  `CUSERNAME` varchar(64) NOT NULL,
  `CUSER` varchar(32) NOT NULL,
  `EUSERNAME` varchar(64) NOT NULL,
  `EUSER` varchar(32) NOT NULL,
  `PSTATE` varchar(2) NOT NULL,
  `PCONTENT` varchar(128) DEFAULT NULL,
  `DESCRIPT` varchar(128) NOT NULL,
  `NAME` varchar(128) NOT NULL,
  PRIMARY KEY (`ID`)
) ENGINE=InnoDB DEFAULT CHARSET=utf8;

-- ----------------------------
-- Records of farm_qz_trigger
-- ----------------------------
INSERT INTO `farm_qz_trigger` VALUES ('402894ca4af0883a014af08d09f00003', '20150116102302', '20150116102302', '系统管理员', '40288b854a329988014a329a12f30002', '系统管理员', '40288b854a329988014a329a12f30002', '1', '每年每月每日每时0分0秒', '0 0 * * * ? *', '每小时执行一次');

-- ----------------------------
-- Table structure for `farm_resume_appraisal`
-- ----------------------------
DROP TABLE IF EXISTS `farm_resume_appraisal`;
CREATE TABLE `farm_resume_appraisal` (
  `ID` varchar(32) NOT NULL,
  `CTIME` varchar(16) NOT NULL,
  `ETIME` varchar(16) NOT NULL,
  `CUSERNAME` varchar(64) NOT NULL,
  `CUSER` varchar(32) NOT NULL,
  `EUSERNAME` varchar(64) NOT NULL,
  `EUSER` varchar(32) NOT NULL,
  `PSTATE` varchar(2) NOT NULL,
  `PCONTENT` varchar(128) DEFAULT NULL,
  `USERID` varchar(32) NOT NULL,
  `APPRAISAL` varchar(512) NOT NULL,
  `CAREERGOALS` varchar(512) DEFAULT NULL,
  PRIMARY KEY (`ID`),
  KEY `FK_Reference_71` (`USERID`)
) ENGINE=MyISAM DEFAULT CHARSET=utf8 COMMENT='appraisal';

-- ----------------------------
-- Records of farm_resume_appraisal
-- ----------------------------

-- ----------------------------
-- Table structure for `farm_resume_base`
-- ----------------------------
DROP TABLE IF EXISTS `farm_resume_base`;
CREATE TABLE `farm_resume_base` (
  `ID` varchar(32) NOT NULL,
  `CTIME` varchar(16) NOT NULL,
  `ETIME` varchar(16) NOT NULL,
  `CUSERNAME` varchar(64) NOT NULL,
  `CUSER` varchar(32) NOT NULL,
  `EUSERNAME` varchar(64) NOT NULL,
  `EUSER` varchar(32) NOT NULL,
  `PSTATE` varchar(2) NOT NULL,
  `PCONTENT` varchar(2000) DEFAULT NULL,
  `USERID` varchar(32) NOT NULL,
  `NAME` varchar(64) NOT NULL,
  `SEX` varchar(2) DEFAULT NULL COMMENT '1男 2女',
  `BIRTHDAY` varchar(16) DEFAULT NULL COMMENT 'birthday',
  `DATEYEAR` varchar(8) DEFAULT NULL COMMENT 'DATEYEAR',
  `DATEMONTH` varchar(8) DEFAULT NULL,
  `REGISTEREDAREA` varchar(16) DEFAULT NULL,
  `REGISTERED` varchar(128) DEFAULT NULL,
  `LIVESTRAREA` varchar(16) DEFAULT NULL,
  `LIVESTR` varchar(128) DEFAULT NULL,
  `QQCODE` varchar(16) DEFAULT NULL,
  `WXCODE` varchar(16) DEFAULT NULL,
  `MOBILECODE` varchar(16) DEFAULT NULL,
  `EMAILCODE` varchar(32) DEFAULT NULL,
  `MARRIAGESTA` varchar(2) DEFAULT NULL COMMENT '1未婚2已婚3离异 ',
  `NATIONALITY` varchar(16) DEFAULT NULL,
  `OTHERTYPE` varchar(32) DEFAULT NULL,
  `OTHERID` varchar(32) DEFAULT NULL,
  `IDCODE` varchar(32) DEFAULT NULL,
  `STUDYABROAD` varchar(2) DEFAULT NULL COMMENT ' 1有 2 无   ',
  `ZZMM` varchar(2) DEFAULT NULL COMMENT '1中共党员(含预备党员) 2团员3群众4民主党派5无党派人士 ',
  `PHOTOID` varchar(32) DEFAULT NULL,
  `DEGREEMAX` varchar(2) DEFAULT NULL,
  PRIMARY KEY (`ID`),
  KEY `FK_Reference_70` (`USERID`)
) ENGINE=MyISAM DEFAULT CHARSET=utf8 COMMENT='FARM_Resume';

-- ----------------------------
-- Records of farm_resume_base
-- ----------------------------
INSERT INTO `farm_resume_base` VALUES ('402888ac55fc0e8e0155fc0f2e230000', '20160718113141', '20160718113141', '系统管理员', '40288b854a329988014a329a12f30002', '系统管理员', '40288b854a329988014a329a12f30002', '1', '', '40288b854a329988014a329a12f30002', '系统管理员', '1', '2016-07-14', '2015', null, null, 'asdf', null, 'asdf', '', '', 'asdf', 'adsf', '1', '', '', '', '', '', '', '', '8');

-- ----------------------------
-- Table structure for `farm_resume_educate`
-- ----------------------------
DROP TABLE IF EXISTS `farm_resume_educate`;
CREATE TABLE `farm_resume_educate` (
  `ID` varchar(32) NOT NULL,
  `CTIME` varchar(16) NOT NULL,
  `ETIME` varchar(16) NOT NULL,
  `CUSERNAME` varchar(64) NOT NULL,
  `CUSER` varchar(32) NOT NULL,
  `EUSERNAME` varchar(64) NOT NULL,
  `EUSER` varchar(32) NOT NULL,
  `PSTATE` varchar(2) NOT NULL,
  `PCONTENT` varchar(128) DEFAULT NULL,
  `USERID` varchar(32) NOT NULL,
  `DATETIME` varchar(16) DEFAULT NULL,
  `DATEEND` varchar(16) DEFAULT NULL,
  `SCHOOLNAME` varchar(64) NOT NULL,
  `UNITARYIS` varchar(2) DEFAULT NULL COMMENT '1是2 否',
  `SPECIALITYNAME` varchar(128) DEFAULT NULL,
  `DEGREE` varchar(2) DEFAULT NULL,
  PRIMARY KEY (`ID`),
  KEY `FK_Reference_72` (`USERID`)
) ENGINE=MyISAM DEFAULT CHARSET=utf8 COMMENT='educate';

-- ----------------------------
-- Records of farm_resume_educate
-- ----------------------------

-- ----------------------------
-- Table structure for `farm_resume_family`
-- ----------------------------
DROP TABLE IF EXISTS `farm_resume_family`;
CREATE TABLE `farm_resume_family` (
  `ID` varchar(32) NOT NULL,
  `CTIME` varchar(16) NOT NULL,
  `ETIME` varchar(16) NOT NULL,
  `CUSERNAME` varchar(64) NOT NULL,
  `CUSER` varchar(32) NOT NULL,
  `EUSERNAME` varchar(64) NOT NULL,
  `EUSER` varchar(32) NOT NULL,
  `PSTATE` varchar(2) NOT NULL,
  `PCONTENT` varchar(128) DEFAULT NULL,
  `USERID` varchar(32) NOT NULL,
  `RELATIONTYPE` varchar(2) NOT NULL,
  `NAME` varchar(32) DEFAULT NULL,
  `BIRTH` varchar(16) DEFAULT NULL,
  `PHONE` varchar(16) DEFAULT NULL,
  `ZZMM` varchar(2) DEFAULT NULL,
  `WORDADDR` varchar(64) DEFAULT NULL,
  `ADDR` varchar(128) DEFAULT NULL,
  PRIMARY KEY (`ID`),
  KEY `FK_Reference_76` (`USERID`)
) ENGINE=MyISAM DEFAULT CHARSET=utf8 COMMENT='family';

-- ----------------------------
-- Records of farm_resume_family
-- ----------------------------

-- ----------------------------
-- Table structure for `farm_resume_files`
-- ----------------------------
DROP TABLE IF EXISTS `farm_resume_files`;
CREATE TABLE `farm_resume_files` (
  `ID` varchar(32) NOT NULL,
  `CTIME` varchar(16) NOT NULL,
  `ETIME` varchar(16) NOT NULL,
  `CUSERNAME` varchar(64) NOT NULL,
  `CUSER` varchar(32) NOT NULL,
  `EUSERNAME` varchar(64) NOT NULL,
  `EUSER` varchar(32) NOT NULL,
  `PSTATE` varchar(2) NOT NULL,
  `PCONTENT` varchar(128) DEFAULT NULL,
  `USERID` varchar(32) NOT NULL,
  `FILEID` varchar(32) NOT NULL,
  PRIMARY KEY (`ID`),
  KEY `FK_Reference_74` (`USERID`)
) ENGINE=MyISAM DEFAULT CHARSET=utf8;

-- ----------------------------
-- Records of farm_resume_files
-- ----------------------------

-- ----------------------------
-- Table structure for `farm_resume_intension`
-- ----------------------------
DROP TABLE IF EXISTS `farm_resume_intension`;
CREATE TABLE `farm_resume_intension` (
  `ID` varchar(32) NOT NULL,
  `CTIME` varchar(16) NOT NULL,
  `ETIME` varchar(16) NOT NULL,
  `CUSERNAME` varchar(64) NOT NULL,
  `CUSER` varchar(32) NOT NULL,
  `EUSERNAME` varchar(64) NOT NULL,
  `EUSER` varchar(32) NOT NULL,
  `PSTATE` varchar(2) NOT NULL,
  `PCONTENT` varchar(128) DEFAULT NULL,
  `USERID` varchar(32) NOT NULL,
  `WORKNATURE` varchar(2) NOT NULL COMMENT '1全职2兼职3实习',
  `WORKADDRAREA` varchar(32) DEFAULT NULL,
  `WORKADDR` varchar(64) DEFAULT NULL,
  `WORKOCCUPATION` varchar(32) DEFAULT NULL,
  `WORKINDUSTRY` varchar(32) DEFAULT NULL,
  `WORKPAY` int(11) DEFAULT NULL,
  `WORKSTAT` varchar(2) DEFAULT NULL,
  PRIMARY KEY (`ID`),
  KEY `FK_Reference_75` (`USERID`)
) ENGINE=MyISAM DEFAULT CHARSET=utf8 COMMENT=' Intension';

-- ----------------------------
-- Records of farm_resume_intension
-- ----------------------------

-- ----------------------------
-- Table structure for `farm_resume_work`
-- ----------------------------
DROP TABLE IF EXISTS `farm_resume_work`;
CREATE TABLE `farm_resume_work` (
  `ID` varchar(32) NOT NULL,
  `CTIME` varchar(16) NOT NULL,
  `ETIME` varchar(16) NOT NULL,
  `CUSERNAME` varchar(64) NOT NULL,
  `CUSER` varchar(32) NOT NULL,
  `EUSERNAME` varchar(64) NOT NULL,
  `EUSER` varchar(32) NOT NULL,
  `PSTATE` varchar(2) NOT NULL,
  `PCONTENT` varchar(128) DEFAULT NULL,
  `USERID` varchar(32) NOT NULL,
  `NAME` varchar(64) NOT NULL,
  `TYPE` varchar(2) DEFAULT NULL,
  `POSTNAME` varchar(64) DEFAULT NULL,
  `DATESTART` varchar(16) DEFAULT NULL,
  `DATEEND` varchar(16) DEFAULT NULL,
  `SALARY` varchar(16) DEFAULT NULL,
  `WORKNOTE` varchar(2000) DEFAULT NULL,
  `EPROPERTY` varchar(2) DEFAULT NULL,
  `ESCALE` varchar(2) DEFAULT NULL,
  PRIMARY KEY (`ID`),
  KEY `FK_Reference_73` (`USERID`)
) ENGINE=MyISAM DEFAULT CHARSET=utf8;

-- ----------------------------
-- Records of farm_resume_work
-- ----------------------------

-- ----------------------------
-- Table structure for `farm_rf_doctextfile`
-- ----------------------------
DROP TABLE IF EXISTS `farm_rf_doctextfile`;
CREATE TABLE `farm_rf_doctextfile` (
  `ID` varchar(32) NOT NULL,
  `FILEID` varchar(32) NOT NULL,
  `DOCID` varchar(32) NOT NULL,
  PRIMARY KEY (`ID`),
  KEY `FK_Reference_12` (`DOCID`),
  CONSTRAINT `FK_Reference_12` FOREIGN KEY (`DOCID`) REFERENCES `farm_doc` (`ID`)
) ENGINE=InnoDB DEFAULT CHARSET=utf8;

-- ----------------------------
-- Records of farm_rf_doctextfile
-- ----------------------------

-- ----------------------------
-- Table structure for `farm_rf_doctype`
-- ----------------------------
DROP TABLE IF EXISTS `farm_rf_doctype`;
CREATE TABLE `farm_rf_doctype` (
  `ID` varchar(32) NOT NULL,
  `TYPEID` varchar(32) NOT NULL,
  `DOCID` varchar(32) NOT NULL,
  PRIMARY KEY (`ID`),
  KEY `FK_Reference_14` (`TYPEID`),
  KEY `FK_Reference_15` (`DOCID`),
  CONSTRAINT `FK_Reference_14` FOREIGN KEY (`TYPEID`) REFERENCES `farm_doctype` (`ID`),
  CONSTRAINT `FK_Reference_15` FOREIGN KEY (`DOCID`) REFERENCES `farm_doc` (`ID`)
) ENGINE=InnoDB DEFAULT CHARSET=utf8;

-- ----------------------------
-- Records of farm_rf_doctype
-- ----------------------------
INSERT INTO `farm_rf_doctype` VALUES ('402888ac55fc0e8e0155fc0fca2b0005', '402888ac55fc0e8e0155fc0f7fb20001', '402888ac55fc0e8e0155fc0fca2a0004');

-- ----------------------------
-- Table structure for `farm_top`
-- ----------------------------
DROP TABLE IF EXISTS `farm_top`;
CREATE TABLE `farm_top` (
  `ID` varchar(32) NOT NULL,
  `CTIME` varchar(16) NOT NULL,
  `CUSERNAME` varchar(64) NOT NULL,
  `CUSER` varchar(32) NOT NULL,
  `PSTATE` varchar(2) NOT NULL,
  `PCONTENT` varchar(128) DEFAULT NULL,
  `DOCID` varchar(32) NOT NULL,
  `SORT` int(11) NOT NULL,
  PRIMARY KEY (`ID`),
  KEY `FK_Reference_61` (`DOCID`),
  CONSTRAINT `FK_Reference_61` FOREIGN KEY (`DOCID`) REFERENCES `farm_doc` (`ID`)
) ENGINE=InnoDB DEFAULT CHARSET=utf8;

-- ----------------------------
-- Records of farm_top
-- ----------------------------

-- ----------------------------
-- Table structure for `farm_usermessage`
-- ----------------------------
DROP TABLE IF EXISTS `farm_usermessage`;
CREATE TABLE `farm_usermessage` (
  `ID` varchar(32) NOT NULL,
  `CTIME` varchar(16) NOT NULL,
  `CUSER` varchar(32) DEFAULT NULL,
  `CUSERNAME` varchar(64) DEFAULT NULL,
  `PSTATE` varchar(2) NOT NULL,
  `PCONTENT` varchar(128) DEFAULT NULL,
  `READUSERID` varchar(32) NOT NULL,
  `CONTENT` varchar(256) NOT NULL,
  `TITLE` varchar(64) NOT NULL,
  `READSTATE` varchar(2) NOT NULL COMMENT '0未读、1已读',
  PRIMARY KEY (`ID`)
) ENGINE=InnoDB DEFAULT CHARSET=utf8;

-- ----------------------------
-- Records of farm_usermessage
-- ----------------------------
INSERT INTO `farm_usermessage` VALUES ('402888ac55fc0e8e0155fc10b00a0009', '20160718113320', 'SYS', '系统消息', '1', null, '40288b854a329988014a329a12f30002', '知识<a class=\'color_a\' href=\'webdocmessage/Pubmsg.do?docid=402888ac55fc0e8e0155fc0fca2a0004\'>asdfasdf</a>收到一条回复:asdfasdf阿斯顿发斯蒂芬', '收到一条评论回复', '0');
INSERT INTO `farm_usermessage` VALUES ('402888ac55fc0e8e0155fc10d4c8000b', '20160718113329', 'SYS', '系统消息', '1', null, '40288b854a329988014a329a12f30002', '知识<a class=\'color_a\' href=\'webdocmessage/Pubmsg.do?docid=402888ac55fc0e8e0155fc0fca2a0004\'>asdfasdf</a>收到一条回复:ADSASDFASDFADSF', '收到一条评论回复', '0');

-- ----------------------------
-- Table structure for `farm_weburl`
-- ----------------------------
DROP TABLE IF EXISTS `farm_weburl`;
CREATE TABLE `farm_weburl` (
  `ID` varchar(32) NOT NULL,
  `CTIME` varchar(16) NOT NULL,
  `ETIME` varchar(16) NOT NULL,
  `CUSERNAME` varchar(64) NOT NULL,
  `CUSER` varchar(32) NOT NULL,
  `EUSERNAME` varchar(64) NOT NULL,
  `EUSER` varchar(32) NOT NULL,
  `PSTATE` varchar(2) NOT NULL,
  `PCONTENT` varchar(128) DEFAULT NULL,
  `URL` varchar(512) NOT NULL,
  `WEBNAME` varchar(64) NOT NULL,
  `SORT` int(11) NOT NULL,
  `FILEID` varchar(32) DEFAULT NULL,
  PRIMARY KEY (`ID`)
) ENGINE=InnoDB DEFAULT CHARSET=utf8;

-- ----------------------------
-- Records of farm_weburl
-- ----------------------------
